source,target,edge_label
E69_Death1,E52_Time-Span34,P4_has_time-span
E21_Person1,E74_Group4,P107i_is_current_or_former_member_of
E21_Person1,E67_Birth45,P98i_was_born
E21_Person1,E69_Death7,P100i_died_in
E21_Person1,E82_Actor_Appellation120,P131_is_identified_by
E67_Birth45,E52_Time-Span85,P4_has_time-span
E69_Death7,E52_Time-Span112,P4_has_time-span
E22_Man-Made_Object1,E35_Title263,P102_has_title
E22_Man-Made_Object1,E12_Production299,P108i_was_produced_by
E12_Production299,E21_Person80,P14_carried_out_by
E67_Birth1,E52_Time-Span142,P4_has_time-span
E21_Person2,E69_Death35,P100i_died_in
E21_Person2,E67_Birth74,P98i_was_born
E21_Person2,E74_Group4,P107i_is_current_or_former_member_of
E21_Person2,E82_Actor_Appellation87,P131_is_identified_by
E69_Death35,E52_Time-Span21,P4_has_time-span
E67_Birth74,E52_Time-Span164,P4_has_time-span
E67_Birth2,E52_Time-Span91,P4_has_time-span
E67_Birth3,E52_Time-Span9,P4_has_time-span
E22_Man-Made_Object2,E35_Title135,P102_has_title
E22_Man-Made_Object2,E12_Production201,P108i_was_produced_by
E12_Production201,E21_Person69,P14_carried_out_by
E21_Person3,E67_Birth74,P98i_was_born
E21_Person3,E82_Actor_Appellation150,P131_is_identified_by
E21_Person3,E69_Death85,P100i_died_in
E21_Person3,E74_Group4,P107i_is_current_or_former_member_of
E69_Death85,E52_Time-Span38,P4_has_time-span
E22_Man-Made_Object3,E12_Production29,P108i_was_produced_by
E22_Man-Made_Object3,E35_Title126,P102_has_title
E12_Production29,E21_Person14,P14_carried_out_by
E12_Production1,E21_Person180,P14_carried_out_by
E21_Person180,E69_Death73,P100i_died_in
E21_Person180,E67_Birth11,P98i_was_born
E21_Person180,E82_Actor_Appellation111,P131_is_identified_by
E21_Person180,E74_Group4,P107i_is_current_or_former_member_of
E12_Production2,E21_Person72,P14_carried_out_by
E21_Person72,E67_Birth82,P98i_was_born
E21_Person72,E69_Death90,P100i_died_in
E21_Person72,E82_Actor_Appellation131,P131_is_identified_by
E21_Person72,E74_Group4,P107i_is_current_or_former_member_of
E22_Man-Made_Object4,E12_Production107,P108i_was_produced_by
E22_Man-Made_Object4,E35_Title64,P102_has_title
E12_Production107,E21_Person47,P14_carried_out_by
E12_Production3,E21_Person68,P14_carried_out_by
E21_Person68,E82_Actor_Appellation122,P131_is_identified_by
E21_Person68,E67_Birth55,P98i_was_born
E21_Person68,E74_Group4,P107i_is_current_or_former_member_of
E21_Person68,E69_Death102,P100i_died_in
E21_Person4,E67_Birth75,P98i_was_born
E21_Person4,E74_Group4,P107i_is_current_or_former_member_of
E21_Person4,E82_Actor_Appellation34,P131_is_identified_by
E21_Person4,E69_Death52,P100i_died_in
E67_Birth75,E52_Time-Span150,P4_has_time-span
E69_Death52,E52_Time-Span18,P4_has_time-span
E12_Production4,E21_Person20,P14_carried_out_by
E21_Person20,E69_Death41,P100i_died_in
E21_Person20,E82_Actor_Appellation62,P131_is_identified_by
E21_Person20,E67_Birth51,P98i_was_born
E21_Person20,E74_Group4,P107i_is_current_or_former_member_of
E12_Production5,E21_Person150,P14_carried_out_by
E21_Person150,E67_Birth40,P98i_was_born
E21_Person150,E82_Actor_Appellation33,P131_is_identified_by
E21_Person150,E74_Group4,P107i_is_current_or_former_member_of
E21_Person150,E69_Death67,P100i_died_in
E22_Man-Made_Object5,E12_Production134,P108i_was_produced_by
E22_Man-Made_Object5,E35_Title212,P102_has_title
E12_Production134,E21_Person93,P14_carried_out_by
E69_Death2,E52_Time-Span59,P4_has_time-span
E22_Man-Made_Object6,E12_Production184,P108i_was_produced_by
E22_Man-Made_Object6,E35_Title183,P102_has_title
E12_Production184,E21_Person21,P14_carried_out_by
E69_Death3,E52_Time-Span65,P4_has_time-span
E21_Person5,E82_Actor_Appellation21,P131_is_identified_by
E21_Person5,E74_Group4,P107i_is_current_or_former_member_of
E21_Person5,E67_Birth78,P98i_was_born
E21_Person5,E69_Death73,P100i_died_in
E67_Birth78,E52_Time-Span158,P4_has_time-span
E69_Death73,E52_Time-Span2,P4_has_time-span
E67_Birth4,E52_Time-Span144,P4_has_time-span
E12_Production6,E21_Person62,P14_carried_out_by
E21_Person62,E69_Death10,P100i_died_in
E21_Person62,E67_Birth7,P98i_was_born
E21_Person62,E74_Group4,P107i_is_current_or_former_member_of
E21_Person62,E82_Actor_Appellation38,P131_is_identified_by
E21_Person6,E69_Death67,P100i_died_in
E21_Person6,E82_Actor_Appellation99,P131_is_identified_by
E21_Person6,E67_Birth18,P98i_was_born
E21_Person6,E74_Group4,P107i_is_current_or_former_member_of
E69_Death67,E52_Time-Span76,P4_has_time-span
E67_Birth18,E52_Time-Span136,P4_has_time-span
E12_Production7,E21_Person31,P14_carried_out_by
E21_Person31,E67_Birth47,P98i_was_born
E21_Person31,E69_Death86,P100i_died_in
E21_Person31,E74_Group4,P107i_is_current_or_former_member_of
E21_Person31,E82_Actor_Appellation137,P131_is_identified_by
E22_Man-Made_Object7,E35_Title58,P102_has_title
E22_Man-Made_Object7,E12_Production289,P108i_was_produced_by
E12_Production289,E21_Person21,P14_carried_out_by
E21_Person7,E74_Group4,P107i_is_current_or_former_member_of
E21_Person7,E82_Actor_Appellation45,P131_is_identified_by
E21_Person7,E69_Death76,P100i_died_in
E21_Person7,E67_Birth44,P98i_was_born
E69_Death76,E52_Time-Span30,P4_has_time-span
E67_Birth44,E52_Time-Span66,P4_has_time-span
E21_Person8,E82_Actor_Appellation184,P131_is_identified_by
E21_Person8,E69_Death53,P100i_died_in
E21_Person8,E74_Group2,P107i_is_current_or_former_member_of
E21_Person8,E67_Birth60,P98i_was_born
E69_Death53,E52_Time-Span32,P4_has_time-span
E67_Birth60,E52_Time-Span25,P4_has_time-span
E21_Person9,E82_Actor_Appellation157,P131_is_identified_by
E21_Person9,E67_Birth65,P98i_was_born
E21_Person9,E69_Death4,P100i_died_in
E21_Person9,E74_Group4,P107i_is_current_or_former_member_of
E67_Birth65,E52_Time-Span107,P4_has_time-span
E69_Death4,E52_Time-Span77,P4_has_time-span
E22_Man-Made_Object8,E12_Production169,P108i_was_produced_by
E22_Man-Made_Object8,E35_Title84,P102_has_title
E12_Production169,E21_Person68,P14_carried_out_by
E12_Production8,E21_Person87,P14_carried_out_by
E21_Person87,E69_Death36,P100i_died_in
E21_Person87,E67_Birth85,P98i_was_born
E21_Person87,E74_Group4,P107i_is_current_or_former_member_of
E21_Person87,E82_Actor_Appellation176,P131_is_identified_by
E21_Person10,E69_Death10,P100i_died_in
E21_Person10,E82_Actor_Appellation173,P131_is_identified_by
E21_Person10,E67_Birth90,P98i_was_born
E21_Person10,E74_Group4,P107i_is_current_or_former_member_of
E69_Death10,E52_Time-Span127,P4_has_time-span
E67_Birth90,E52_Time-Span1,P4_has_time-span
E67_Birth5,E52_Time-Span129,P4_has_time-span
E12_Production9,E21_Person186,P14_carried_out_by
E21_Person186,E82_Actor_Appellation183,P131_is_identified_by
E21_Person186,E69_Death3,P100i_died_in
E21_Person186,E67_Birth56,P98i_was_born
E21_Person186,E74_Group4,P107i_is_current_or_former_member_of
E22_Man-Made_Object9,E12_Production118,P108i_was_produced_by
E22_Man-Made_Object9,E35_Title257,P102_has_title
E12_Production118,E21_Person21,P14_carried_out_by
E12_Production10,E21_Person51,P14_carried_out_by
E21_Person51,E82_Actor_Appellation44,P131_is_identified_by
E21_Person51,E69_Death54,P100i_died_in
E21_Person51,E67_Birth59,P98i_was_born
E21_Person51,E74_Group4,P107i_is_current_or_former_member_of
E12_Production11,E21_Person38,P14_carried_out_by
E21_Person38,E69_Death26,P100i_died_in
E21_Person38,E67_Birth80,P98i_was_born
E21_Person38,E74_Group4,P107i_is_current_or_former_member_of
E21_Person38,E82_Actor_Appellation77,P131_is_identified_by
E21_Person11,E69_Death17,P100i_died_in
E21_Person11,E82_Actor_Appellation154,P131_is_identified_by
E21_Person11,E67_Birth26,P98i_was_born
E21_Person11,E74_Group4,P107i_is_current_or_former_member_of
E69_Death17,E52_Time-Span28,P4_has_time-span
E67_Birth26,E52_Time-Span59,P4_has_time-span
E12_Production12,E21_Person26,P14_carried_out_by
E21_Person26,E82_Actor_Appellation112,P131_is_identified_by
E21_Person26,E67_Birth86,P98i_was_born
E21_Person26,E74_Group4,P107i_is_current_or_former_member_of
E21_Person26,E69_Death19,P100i_died_in
E22_Man-Made_Object10,E12_Production229,P108i_was_produced_by
E22_Man-Made_Object10,E35_Title110,P102_has_title
E12_Production229,E21_Person148,P14_carried_out_by
E12_Production13,E21_Person77,P14_carried_out_by
E21_Person77,E67_Birth68,P98i_was_born
E21_Person77,E69_Death55,P100i_died_in
E21_Person77,E82_Actor_Appellation14,P131_is_identified_by
E21_Person77,E74_Group4,P107i_is_current_or_former_member_of
E12_Production14,E21_Person27,P14_carried_out_by
E21_Person27,E67_Birth44,P98i_was_born
E21_Person27,E74_Group4,P107i_is_current_or_former_member_of
E21_Person27,E69_Death95,P100i_died_in
E21_Person27,E82_Actor_Appellation160,P131_is_identified_by
E12_Production15,E21_Person141,P14_carried_out_by
E21_Person141,E67_Birth3,P98i_was_born
E21_Person141,E82_Actor_Appellation108,P131_is_identified_by
E21_Person141,E69_Death22,P100i_died_in
E21_Person141,E74_Group4,P107i_is_current_or_former_member_of
E22_Man-Made_Object11,E12_Production145,P108i_was_produced_by
E22_Man-Made_Object11,E35_Title26,P102_has_title
E12_Production145,E21_Person28,P14_carried_out_by
E12_Production16,E21_Person165,P14_carried_out_by
E21_Person165,E69_Death83,P100i_died_in
E21_Person165,E67_Birth1,P98i_was_born
E21_Person165,E74_Group4,P107i_is_current_or_former_member_of
E21_Person165,E82_Actor_Appellation101,P131_is_identified_by
E12_Production17,E21_Person182,P14_carried_out_by
E21_Person182,E74_Group4,P107i_is_current_or_former_member_of
E21_Person182,E82_Actor_Appellation53,P131_is_identified_by
E21_Person182,E69_Death11,P100i_died_in
E21_Person182,E67_Birth83,P98i_was_born
E22_Man-Made_Object12,E35_Title62,P102_has_title
E22_Man-Made_Object12,E12_Production12,P108i_was_produced_by
E22_Man-Made_Object13,E12_Production215,P108i_was_produced_by
E22_Man-Made_Object13,E35_Title100,P102_has_title
E12_Production215,E21_Person24,P14_carried_out_by
E12_Production18,E21_Person80,P14_carried_out_by
E21_Person80,E67_Birth86,P98i_was_born
E21_Person80,E82_Actor_Appellation9,P131_is_identified_by
E21_Person80,E74_Group4,P107i_is_current_or_former_member_of
E21_Person80,E69_Death48,P100i_died_in
E67_Birth6,E52_Time-Span40,P4_has_time-span
E12_Production19,E21_Person80,P14_carried_out_by
E12_Production20,E21_Person5,P14_carried_out_by
E12_Production21,E21_Person58,P14_carried_out_by
E21_Person58,E67_Birth37,P98i_was_born
E21_Person58,E82_Actor_Appellation113,P131_is_identified_by
E21_Person58,E74_Group4,P107i_is_current_or_former_member_of
E21_Person58,E69_Death101,P100i_died_in
E21_Person12,E74_Group4,P107i_is_current_or_former_member_of
E21_Person12,E69_Death42,P100i_died_in
E21_Person12,E82_Actor_Appellation162,P131_is_identified_by
E21_Person12,E67_Birth1,P98i_was_born
E69_Death42,E52_Time-Span151,P4_has_time-span
E22_Man-Made_Object14,E35_Title230,P102_has_title
E22_Man-Made_Object14,E12_Production5,P108i_was_produced_by
E21_Person13,E74_Group4,P107i_is_current_or_former_member_of
E21_Person13,E82_Actor_Appellation110,P131_is_identified_by
E21_Person13,E69_Death38,P100i_died_in
E21_Person13,E67_Birth89,P98i_was_born
E69_Death38,E52_Time-Span145,P4_has_time-span
E67_Birth89,E52_Time-Span71,P4_has_time-span
E22_Man-Made_Object15,E12_Production68,P108i_was_produced_by
E22_Man-Made_Object15,E35_Title127,P102_has_title
E12_Production68,E21_Person57,P14_carried_out_by
E12_Production22,E21_Person185,P14_carried_out_by
E21_Person185,E67_Birth17,P98i_was_born
E21_Person185,E82_Actor_Appellation40,P131_is_identified_by
E21_Person185,E69_Death48,P100i_died_in
E21_Person185,E74_Group4,P107i_is_current_or_former_member_of
E69_Death5,E52_Time-Span161,P4_has_time-span
E21_Person14,E82_Actor_Appellation64,P131_is_identified_by
E21_Person14,E69_Death19,P100i_died_in
E21_Person14,E67_Birth11,P98i_was_born
E21_Person14,E74_Group4,P107i_is_current_or_former_member_of
E69_Death19,E52_Time-Span146,P4_has_time-span
E67_Birth11,E52_Time-Span78,P4_has_time-span
E12_Production23,E21_Person113,P14_carried_out_by
E21_Person113,E67_Birth14,P98i_was_born
E21_Person113,E69_Death38,P100i_died_in
E21_Person113,E74_Group4,P107i_is_current_or_former_member_of
E21_Person113,E82_Actor_Appellation86,P131_is_identified_by
E12_Production24,E21_Person117,P14_carried_out_by
E21_Person117,E82_Actor_Appellation165,P131_is_identified_by
E21_Person117,E74_Group4,P107i_is_current_or_former_member_of
E21_Person117,E69_Death77,P100i_died_in
E21_Person117,E67_Birth15,P98i_was_born
E22_Man-Made_Object16,E12_Production225,P108i_was_produced_by
E22_Man-Made_Object16,E35_Title220,P102_has_title
E12_Production225,E21_Person177,P14_carried_out_by
E22_Man-Made_Object17,E12_Production192,P108i_was_produced_by
E22_Man-Made_Object17,E35_Title144,P102_has_title
E12_Production192,E21_Person79,P14_carried_out_by
E21_Person15,E74_Group4,P107i_is_current_or_former_member_of
E21_Person15,E82_Actor_Appellation186,P131_is_identified_by
E21_Person15,E69_Death5,P100i_died_in
E21_Person15,E67_Birth21,P98i_was_born
E67_Birth21,E52_Time-Span12,P4_has_time-span
E22_Man-Made_Object18,E35_Title60,P102_has_title
E22_Man-Made_Object18,E12_Production311,P108i_was_produced_by
E12_Production311,E21_Person134,P14_carried_out_by
E21_Person16,E82_Actor_Appellation10,P131_is_identified_by
E21_Person16,E69_Death3,P100i_died_in
E21_Person16,E74_Group4,P107i_is_current_or_former_member_of
E21_Person16,E67_Birth56,P98i_was_born
E67_Birth56,E52_Time-Span13,P4_has_time-span
E12_Production25,E21_Person120,P14_carried_out_by
E21_Person120,E69_Death81,P100i_died_in
E21_Person120,E67_Birth46,P98i_was_born
E21_Person120,E74_Group4,P107i_is_current_or_former_member_of
E21_Person120,E82_Actor_Appellation145,P131_is_identified_by
E22_Man-Made_Object19,E12_Production1,P108i_was_produced_by
E22_Man-Made_Object19,E35_Title51,P102_has_title
E12_Production26,E21_Person183,P14_carried_out_by
E21_Person183,E74_Group4,P107i_is_current_or_former_member_of
E21_Person183,E82_Actor_Appellation49,P131_is_identified_by
E21_Person183,E69_Death11,P100i_died_in
E21_Person183,E67_Birth4,P98i_was_born
E12_Production27,E21_Person31,P14_carried_out_by
E21_Person17,E74_Group4,P107i_is_current_or_former_member_of
E21_Person17,E67_Birth70,P98i_was_born
E21_Person17,E82_Actor_Appellation42,P131_is_identified_by
E21_Person17,E69_Death99,P100i_died_in
E67_Birth70,E52_Time-Span124,P4_has_time-span
E69_Death99,E52_Time-Span68,P4_has_time-span
E22_Man-Made_Object20,E12_Production292,P108i_was_produced_by
E22_Man-Made_Object20,E35_Title80,P102_has_title
E12_Production292,E21_Person99,P14_carried_out_by
E12_Production28,E21_Person71,P14_carried_out_by
E21_Person71,E69_Death60,P100i_died_in
E21_Person71,E74_Group4,P107i_is_current_or_former_member_of
E21_Person71,E67_Birth61,P98i_was_born
E21_Person71,E82_Actor_Appellation103,P131_is_identified_by
E12_Production30,E21_Person79,P14_carried_out_by
E21_Person79,E82_Actor_Appellation88,P131_is_identified_by
E21_Person79,E67_Birth19,P98i_was_born
E21_Person79,E74_Group4,P107i_is_current_or_former_member_of
E21_Person79,E69_Death50,P100i_died_in
E21_Person18,E69_Death61,P100i_died_in
E21_Person18,E67_Birth72,P98i_was_born
E21_Person18,E82_Actor_Appellation163,P131_is_identified_by
E21_Person18,E74_Group4,P107i_is_current_or_former_member_of
E69_Death61,E52_Time-Span111,P4_has_time-span
E67_Birth72,E52_Time-Span89,P4_has_time-span
E12_Production31,E21_Person28,P14_carried_out_by
E21_Person28,E82_Actor_Appellation5,P131_is_identified_by
E21_Person28,E74_Group4,P107i_is_current_or_former_member_of
E21_Person28,E67_Birth50,P98i_was_born
E21_Person28,E69_Death6,P100i_died_in
E69_Death6,E52_Time-Span93,P4_has_time-span
E12_Production32,E21_Person78,P14_carried_out_by
E21_Person78,E74_Group4,P107i_is_current_or_former_member_of
E21_Person78,E67_Birth9,P98i_was_born
E21_Person78,E69_Death91,P100i_died_in
E21_Person78,E82_Actor_Appellation152,P131_is_identified_by
E22_Man-Made_Object21,E12_Production224,P108i_was_produced_by
E22_Man-Made_Object21,E35_Title65,P102_has_title
E12_Production224,E21_Person79,P14_carried_out_by
E22_Man-Made_Object22,E12_Production27,P108i_was_produced_by
E22_Man-Made_Object22,E35_Title234,P102_has_title
E22_Man-Made_Object23,E12_Production71,P108i_was_produced_by
E22_Man-Made_Object23,E35_Title293,P102_has_title
E12_Production71,E21_Person104,P14_carried_out_by
E22_Man-Made_Object24,E35_Title301,P102_has_title
E22_Man-Made_Object24,E12_Production239,P108i_was_produced_by
E12_Production239,E21_Person60,P14_carried_out_by
E67_Birth7,E52_Time-Span44,P4_has_time-span
E21_Person19,E74_Group4,P107i_is_current_or_former_member_of
E21_Person19,E67_Birth75,P98i_was_born
E21_Person19,E82_Actor_Appellation180,P131_is_identified_by
E21_Person19,E69_Death84,P100i_died_in
E69_Death84,E52_Time-Span92,P4_has_time-span
E12_Production33,E21_Person86,P14_carried_out_by
E21_Person86,E82_Actor_Appellation43,P131_is_identified_by
E21_Person86,E67_Birth64,P98i_was_born
E21_Person86,E69_Death98,P100i_died_in
E21_Person86,E74_Group4,P107i_is_current_or_former_member_of
E12_Production34,E21_Person173,P14_carried_out_by
E21_Person173,E74_Group4,P107i_is_current_or_former_member_of
E21_Person173,E67_Birth49,P98i_was_born
E21_Person173,E82_Actor_Appellation59,P131_is_identified_by
E21_Person173,E69_Death63,P100i_died_in
E69_Death8,E52_Time-Span67,P4_has_time-span
E12_Production35,E21_Person149,P14_carried_out_by
E21_Person149,E82_Actor_Appellation25,P131_is_identified_by
E21_Person149,E74_Group4,P107i_is_current_or_former_member_of
E21_Person149,E69_Death37,P100i_died_in
E21_Person149,E67_Birth92,P98i_was_born
E12_Production36,E21_Person161,P14_carried_out_by
E21_Person161,E69_Death71,P100i_died_in
E21_Person161,E74_Group4,P107i_is_current_or_former_member_of
E21_Person161,E67_Birth47,P98i_was_born
E21_Person161,E82_Actor_Appellation100,P131_is_identified_by
E22_Man-Made_Object25,E35_Title140,P102_has_title
E22_Man-Made_Object25,E12_Production125,P108i_was_produced_by
E12_Production125,E21_Person124,P14_carried_out_by
E12_Production37,E21_Person134,P14_carried_out_by
E21_Person134,E69_Death5,P100i_died_in
E21_Person134,E82_Actor_Appellation13,P131_is_identified_by
E21_Person134,E67_Birth8,P98i_was_born
E21_Person134,E74_Group4,P107i_is_current_or_former_member_of
E12_Production38,E21_Person140,P14_carried_out_by
E21_Person140,E69_Death62,P100i_died_in
E21_Person140,E67_Birth83,P98i_was_born
E21_Person140,E82_Actor_Appellation118,P131_is_identified_by
E21_Person140,E74_Group4,P107i_is_current_or_former_member_of
E12_Production39,E21_Person57,P14_carried_out_by
E21_Person57,E82_Actor_Appellation188,P131_is_identified_by
E21_Person57,E67_Birth16,P98i_was_born
E21_Person57,E74_Group4,P107i_is_current_or_former_member_of
E21_Person57,E69_Death7,P100i_died_in
E22_Man-Made_Object26,E35_Title162,P102_has_title
E22_Man-Made_Object26,E12_Production141,P108i_was_produced_by
E12_Production141,E21_Person171,P14_carried_out_by
E69_Death41,E52_Time-Span129,P4_has_time-span
E67_Birth51,E52_Time-Span36,P4_has_time-span
E12_Production40,E21_Person137,P14_carried_out_by
E21_Person137,E69_Death49,P100i_died_in
E21_Person137,E74_Group4,P107i_is_current_or_former_member_of
E21_Person137,E82_Actor_Appellation58,P131_is_identified_by
E21_Person137,E67_Birth36,P98i_was_born
E12_Production41,E21_Person146,P14_carried_out_by
E21_Person146,E69_Death87,P100i_died_in
E21_Person146,E67_Birth78,P98i_was_born
E21_Person146,E82_Actor_Appellation169,P131_is_identified_by
E21_Person146,E74_Group4,P107i_is_current_or_former_member_of
E69_Death9,E52_Time-Span154,P4_has_time-span
E12_Production42,E21_Person10,P14_carried_out_by
E22_Man-Made_Object27,E35_Title199,P102_has_title
E22_Man-Made_Object27,E12_Production150,P108i_was_produced_by
E12_Production150,E21_Person122,P14_carried_out_by
E22_Man-Made_Object28,E12_Production293,P108i_was_produced_by
E22_Man-Made_Object28,E35_Title249,P102_has_title
E12_Production293,E21_Person103,P14_carried_out_by
E22_Man-Made_Object29,E35_Title42,P102_has_title
E22_Man-Made_Object29,E12_Production228,P108i_was_produced_by
E12_Production228,E21_Person25,P14_carried_out_by
E21_Person21,E67_Birth2,P98i_was_born
E21_Person21,E74_Group4,P107i_is_current_or_former_member_of
E21_Person21,E69_Death19,P100i_died_in
E21_Person21,E82_Actor_Appellation24,P131_is_identified_by
E21_Person22,E74_Group4,P107i_is_current_or_former_member_of
E21_Person22,E82_Actor_Appellation97,P131_is_identified_by
E21_Person22,E67_Birth57,P98i_was_born
E21_Person22,E69_Death43,P100i_died_in
E67_Birth57,E52_Time-Span123,P4_has_time-span
E69_Death43,E52_Time-Span100,P4_has_time-span
E12_Production43,E21_Person150,P14_carried_out_by
E21_Person23,E82_Actor_Appellation84,P131_is_identified_by
E21_Person23,E67_Birth53,P98i_was_born
E21_Person23,E69_Death20,P100i_died_in
E21_Person23,E74_Group4,P107i_is_current_or_former_member_of
E67_Birth53,E52_Time-Span50,P4_has_time-span
E69_Death20,E52_Time-Span105,P4_has_time-span
E22_Man-Made_Object30,E12_Production190,P108i_was_produced_by
E22_Man-Made_Object30,E35_Title102,P102_has_title
E12_Production190,E21_Person117,P14_carried_out_by
E22_Man-Made_Object31,E12_Production242,P108i_was_produced_by
E22_Man-Made_Object31,E35_Title32,P102_has_title
E12_Production242,E21_Person77,P14_carried_out_by
E21_Person24,E67_Birth8,P98i_was_born
E21_Person24,E69_Death25,P100i_died_in
E21_Person24,E74_Group4,P107i_is_current_or_former_member_of
E21_Person24,E82_Actor_Appellation175,P131_is_identified_by
E67_Birth8,E52_Time-Span84,P4_has_time-span
E69_Death25,E52_Time-Span73,P4_has_time-span
E69_Death11,E52_Time-Span96,P4_has_time-span
E21_Person25,E74_Group4,P107i_is_current_or_former_member_of
E21_Person25,E69_Death29,P100i_died_in
E21_Person25,E82_Actor_Appellation73,P131_is_identified_by
E21_Person25,E67_Birth77,P98i_was_born
E69_Death29,E52_Time-Span43,P4_has_time-span
E67_Birth77,E52_Time-Span2,P4_has_time-span
E12_Production44,E21_Person135,P14_carried_out_by
E21_Person135,E69_Death77,P100i_died_in
E21_Person135,E67_Birth37,P98i_was_born
E21_Person135,E74_Group4,P107i_is_current_or_former_member_of
E21_Person135,E82_Actor_Appellation56,P131_is_identified_by
E22_Man-Made_Object32,E12_Production247,P108i_was_produced_by
E22_Man-Made_Object32,E35_Title50,P102_has_title
E12_Production247,E21_Person80,P14_carried_out_by
E22_Man-Made_Object33,E35_Title74,P102_has_title
E22_Man-Made_Object33,E12_Production11,P108i_was_produced_by
E22_Man-Made_Object34,E12_Production206,P108i_was_produced_by
E22_Man-Made_Object34,E35_Title203,P102_has_title
E12_Production206,E21_Person130,P14_carried_out_by
E12_Production45,E21_Person108,P14_carried_out_by
E21_Person108,E74_Group4,P107i_is_current_or_former_member_of
E21_Person108,E67_Birth84,P98i_was_born
E21_Person108,E82_Actor_Appellation142,P131_is_identified_by
E21_Person108,E69_Death99,P100i_died_in
E67_Birth86,E52_Time-Span17,P4_has_time-span
E69_Death95,E52_Time-Span33,P4_has_time-span
E12_Production46,E21_Person156,P14_carried_out_by
E21_Person156,E67_Birth71,P98i_was_born
E21_Person156,E69_Death48,P100i_died_in
E21_Person156,E74_Group4,P107i_is_current_or_former_member_of
E21_Person156,E82_Actor_Appellation26,P131_is_identified_by
E12_Production47,E21_Person50,P14_carried_out_by
E21_Person50,E74_Group4,P107i_is_current_or_former_member_of
E21_Person50,E69_Death58,P100i_died_in
E21_Person50,E67_Birth42,P98i_was_born
E21_Person50,E82_Actor_Appellation2,P131_is_identified_by
E22_Man-Made_Object35,E35_Title222,P102_has_title
E22_Man-Made_Object35,E12_Production240,P108i_was_produced_by
E12_Production240,E21_Person165,P14_carried_out_by
E22_Man-Made_Object36,E12_Production86,P108i_was_produced_by
E22_Man-Made_Object36,E35_Title76,P102_has_title
E12_Production86,E21_Person64,P14_carried_out_by
E22_Man-Made_Object37,E12_Production279,P108i_was_produced_by
E22_Man-Made_Object37,E35_Title236,P102_has_title
E12_Production279,E21_Person2,P14_carried_out_by
E22_Man-Made_Object38,E35_Title73,P102_has_title
E22_Man-Made_Object38,E12_Production251,P108i_was_produced_by
E12_Production251,E21_Person6,P14_carried_out_by
E22_Man-Made_Object39,E35_Title130,P102_has_title
E22_Man-Made_Object39,E12_Production104,P108i_was_produced_by
E12_Production104,E21_Person9,P14_carried_out_by
E12_Production48,E21_Person179,P14_carried_out_by
E21_Person179,E67_Birth19,P98i_was_born
E21_Person179,E69_Death55,P100i_died_in
E21_Person179,E74_Group4,P107i_is_current_or_former_member_of
E21_Person179,E82_Actor_Appellation1,P131_is_identified_by
E22_Man-Made_Object40,E35_Title302,P102_has_title
E22_Man-Made_Object40,E12_Production2,P108i_was_produced_by
E69_Death12,E52_Time-Span4,P4_has_time-span
E22_Man-Made_Object41,E12_Production76,P108i_was_produced_by
E22_Man-Made_Object41,E35_Title178,P102_has_title
E12_Production76,E21_Person69,P14_carried_out_by
E22_Man-Made_Object42,E35_Title176,P102_has_title
E22_Man-Made_Object42,E12_Production100,P108i_was_produced_by
E12_Production100,E21_Person189,P14_carried_out_by
E12_Production49,E21_Person94,P14_carried_out_by
E21_Person94,E69_Death103,P100i_died_in
E21_Person94,E82_Actor_Appellation143,P131_is_identified_by
E21_Person94,E74_Group4,P107i_is_current_or_former_member_of
E21_Person94,E67_Birth79,P98i_was_born
E67_Birth50,E52_Time-Span121,P4_has_time-span
E22_Man-Made_Object43,E35_Title152,P102_has_title
E22_Man-Made_Object43,E12_Production85,P108i_was_produced_by
E12_Production85,E21_Person81,P14_carried_out_by
E22_Man-Made_Object44,E35_Title210,P102_has_title
E22_Man-Made_Object44,E12_Production136,P108i_was_produced_by
E12_Production136,E21_Person168,P14_carried_out_by
E12_Production50,E21_Person133,P14_carried_out_by
E21_Person133,E82_Actor_Appellation46,P131_is_identified_by
E21_Person133,E67_Birth82,P98i_was_born
E21_Person133,E69_Death37,P100i_died_in
E21_Person133,E74_Group4,P107i_is_current_or_former_member_of
E12_Production51,E21_Person99,P14_carried_out_by
E21_Person99,E74_Group4,P107i_is_current_or_former_member_of
E21_Person99,E82_Actor_Appellation37,P131_is_identified_by
E21_Person99,E67_Birth49,P98i_was_born
E21_Person99,E69_Death49,P100i_died_in
E22_Man-Made_Object45,E35_Title4,P102_has_title
E22_Man-Made_Object45,E12_Production81,P108i_was_produced_by
E12_Production81,E21_Person148,P14_carried_out_by
E22_Man-Made_Object46,E35_Title243,P102_has_title
E22_Man-Made_Object46,E12_Production23,P108i_was_produced_by
E12_Production52,E21_Person57,P14_carried_out_by
E12_Production53,E21_Person29,P14_carried_out_by
E21_Person29,E67_Birth56,P98i_was_born
E21_Person29,E74_Group4,P107i_is_current_or_former_member_of
E21_Person29,E82_Actor_Appellation94,P131_is_identified_by
E21_Person29,E69_Death47,P100i_died_in
E22_Man-Made_Object47,E35_Title290,P102_has_title
E22_Man-Made_Object47,E12_Production241,P108i_was_produced_by
E12_Production241,E21_Person34,P14_carried_out_by
E12_Production54,E21_Person79,P14_carried_out_by
E12_Production55,E21_Person117,P14_carried_out_by
E22_Man-Made_Object48,E12_Production245,P108i_was_produced_by
E22_Man-Made_Object48,E35_Title281,P102_has_title
E12_Production245,E21_Person39,P14_carried_out_by
E12_Production56,E21_Person123,P14_carried_out_by
E21_Person123,E69_Death76,P100i_died_in
E21_Person123,E67_Birth15,P98i_was_born
E21_Person123,E82_Actor_Appellation57,P131_is_identified_by
E21_Person123,E74_Group4,P107i_is_current_or_former_member_of
E69_Death47,E52_Time-Span19,P4_has_time-span
E69_Death13,E52_Time-Span97,P4_has_time-span
E22_Man-Made_Object49,E35_Title48,P102_has_title
E22_Man-Made_Object49,E12_Production213,P108i_was_produced_by
E12_Production213,E21_Person18,P14_carried_out_by
E67_Birth9,E52_Time-Span22,P4_has_time-span
E21_Person30,E82_Actor_Appellation67,P131_is_identified_by
E21_Person30,E69_Death55,P100i_died_in
E21_Person30,E67_Birth86,P98i_was_born
E21_Person30,E74_Group4,P107i_is_current_or_former_member_of
E69_Death55,E52_Time-Span58,P4_has_time-span
E69_Death14,E52_Time-Span134,P4_has_time-span
E67_Birth47,E52_Time-Span87,P4_has_time-span
E69_Death86,E52_Time-Span94,P4_has_time-span
E22_Man-Made_Object50,E35_Title14,P102_has_title
E22_Man-Made_Object50,E12_Production106,P108i_was_produced_by
E12_Production106,E21_Person12,P14_carried_out_by
E22_Man-Made_Object51,E35_Title15,P102_has_title
E22_Man-Made_Object51,E12_Production26,P108i_was_produced_by
E67_Birth10,E52_Time-Span15,P4_has_time-span
E22_Man-Made_Object52,E12_Production46,P108i_was_produced_by
E22_Man-Made_Object52,E35_Title224,P102_has_title
E69_Death15,E52_Time-Span69,P4_has_time-span
E69_Death16,E52_Time-Span44,P4_has_time-span
E12_Production57,E21_Person2,P14_carried_out_by
E22_Man-Made_Object53,E35_Title89,P102_has_title
E22_Man-Made_Object53,E12_Production124,P108i_was_produced_by
E12_Production124,E21_Person121,P14_carried_out_by
E22_Man-Made_Object54,E12_Production89,P108i_was_produced_by
E22_Man-Made_Object54,E35_Title221,P102_has_title
E12_Production89,E21_Person174,P14_carried_out_by
E22_Man-Made_Object55,E35_Title17,P102_has_title
E22_Man-Made_Object55,E12_Production20,P108i_was_produced_by
E12_Production58,E21_Person87,P14_carried_out_by
E12_Production59,E21_Person158,P14_carried_out_by
E21_Person158,E82_Actor_Appellation28,P131_is_identified_by
E21_Person158,E67_Birth42,P98i_was_born
E21_Person158,E74_Group4,P107i_is_current_or_former_member_of
E21_Person158,E69_Death64,P100i_died_in
E12_Production60,E21_Person115,P14_carried_out_by
E21_Person115,E67_Birth78,P98i_was_born
E21_Person115,E69_Death33,P100i_died_in
E21_Person115,E82_Actor_Appellation123,P131_is_identified_by
E21_Person115,E74_Group4,P107i_is_current_or_former_member_of
E22_Man-Made_Object56,E12_Production142,P108i_was_produced_by
E22_Man-Made_Object56,E35_Title109,P102_has_title
E12_Production142,E21_Person178,P14_carried_out_by
E22_Man-Made_Object57,E12_Production282,P108i_was_produced_by
E22_Man-Made_Object57,E35_Title49,P102_has_title
E12_Production282,E21_Person143,P14_carried_out_by
E12_Production61,E21_Person44,P14_carried_out_by
E21_Person44,E74_Group4,P107i_is_current_or_former_member_of
E21_Person44,E82_Actor_Appellation85,P131_is_identified_by
E21_Person44,E67_Birth24,P98i_was_born
E21_Person44,E69_Death73,P100i_died_in
E12_Production62,E21_Person164,P14_carried_out_by
E21_Person164,E67_Birth6,P98i_was_born
E21_Person164,E69_Death76,P100i_died_in
E21_Person164,E74_Group4,P107i_is_current_or_former_member_of
E21_Person164,E82_Actor_Appellation156,P131_is_identified_by
E21_Person32,E69_Death87,P100i_died_in
E21_Person32,E67_Birth52,P98i_was_born
E21_Person32,E74_Group1,P107i_is_current_or_former_member_of
E21_Person32,E82_Actor_Appellation121,P131_is_identified_by
E69_Death87,E52_Time-Span153,P4_has_time-span
E67_Birth52,E52_Time-Span64,P4_has_time-span
E22_Man-Made_Object58,E35_Title219,P102_has_title
E22_Man-Made_Object58,E12_Production102,P108i_was_produced_by
E12_Production102,E21_Person15,P14_carried_out_by
E22_Man-Made_Object59,E35_Title57,P102_has_title
E22_Man-Made_Object59,E12_Production33,P108i_was_produced_by
E22_Man-Made_Object60,E12_Production286,P108i_was_produced_by
E22_Man-Made_Object60,E35_Title38,P102_has_title
E12_Production286,E21_Person52,P14_carried_out_by
E22_Man-Made_Object61,E35_Title179,P102_has_title
E22_Man-Made_Object61,E12_Production296,P108i_was_produced_by
E12_Production296,E21_Person80,P14_carried_out_by
E22_Man-Made_Object62,E12_Production161,P108i_was_produced_by
E22_Man-Made_Object62,E35_Title175,P102_has_title
E12_Production161,E21_Person84,P14_carried_out_by
E22_Man-Made_Object63,E35_Title35,P102_has_title
E22_Man-Made_Object63,E12_Production302,P108i_was_produced_by
E12_Production302,E21_Person80,P14_carried_out_by
E69_Death18,E52_Time-Span39,P4_has_time-span
E67_Birth12,E52_Time-Span156,P4_has_time-span
E12_Production63,E21_Person163,P14_carried_out_by
E21_Person163,E82_Actor_Appellation95,P131_is_identified_by
E21_Person163,E74_Group4,P107i_is_current_or_former_member_of
E21_Person163,E67_Birth2,P98i_was_born
E21_Person163,E69_Death27,P100i_died_in
E22_Man-Made_Object64,E12_Production83,P108i_was_produced_by
E22_Man-Made_Object64,E35_Title122,P102_has_title
E12_Production83,E21_Person161,P14_carried_out_by
E21_Person33,E67_Birth17,P98i_was_born
E21_Person33,E69_Death21,P100i_died_in
E21_Person33,E74_Group4,P107i_is_current_or_former_member_of
E21_Person33,E82_Actor_Appellation125,P131_is_identified_by
E67_Birth17,E52_Time-Span165,P4_has_time-span
E69_Death21,E52_Time-Span81,P4_has_time-span
E12_Production64,E21_Person53,P14_carried_out_by
E21_Person53,E82_Actor_Appellation7,P131_is_identified_by
E21_Person53,E74_Group4,P107i_is_current_or_former_member_of
E21_Person53,E69_Death24,P100i_died_in
E21_Person53,E67_Birth88,P98i_was_born
E21_Person34,E82_Actor_Appellation19,P131_is_identified_by
E21_Person34,E74_Group4,P107i_is_current_or_former_member_of
E21_Person34,E69_Death70,P100i_died_in
E21_Person34,E67_Birth61,P98i_was_born
E69_Death70,E52_Time-Span106,P4_has_time-span
E67_Birth61,E52_Time-Span169,P4_has_time-span
E12_Production65,E21_Person48,P14_carried_out_by
E21_Person48,E74_Group4,P107i_is_current_or_former_member_of
E21_Person48,E69_Death44,P100i_died_in
E21_Person48,E82_Actor_Appellation23,P131_is_identified_by
E21_Person48,E67_Birth40,P98i_was_born
E12_Production66,E21_Person69,P14_carried_out_by
E21_Person69,E69_Death15,P100i_died_in
E21_Person69,E74_Group4,P107i_is_current_or_former_member_of
E21_Person69,E82_Actor_Appellation174,P131_is_identified_by
E21_Person69,E67_Birth1,P98i_was_born
E12_Production67,E21_Person188,P14_carried_out_by
E21_Person188,E74_Group4,P107i_is_current_or_former_member_of
E21_Person188,E82_Actor_Appellation127,P131_is_identified_by
E21_Person188,E67_Birth48,P98i_was_born
E21_Person188,E69_Death12,P100i_died_in
E22_Man-Made_Object65,E12_Production24,P108i_was_produced_by
E22_Man-Made_Object65,E35_Title196,P102_has_title
E67_Birth13,E52_Time-Span42,P4_has_time-span
E67_Birth14,E52_Time-Span72,P4_has_time-span
E22_Man-Made_Object66,E12_Production131,P108i_was_produced_by
E22_Man-Made_Object66,E35_Title88,P102_has_title
E12_Production131,E21_Person36,P14_carried_out_by
E21_Person35,E82_Actor_Appellation30,P131_is_identified_by
E21_Person35,E74_Group4,P107i_is_current_or_former_member_of
E21_Person35,E67_Birth50,P98i_was_born
E21_Person35,E69_Death97,P100i_died_in
E69_Death97,E52_Time-Span74,P4_has_time-span
E12_Production69,E21_Person73,P14_carried_out_by
E21_Person73,E74_Group4,P107i_is_current_or_former_member_of
E21_Person73,E82_Actor_Appellation66,P131_is_identified_by
E21_Person73,E67_Birth40,P98i_was_born
E21_Person73,E69_Death5,P100i_died_in
E22_Man-Made_Object67,E12_Production37,P108i_was_produced_by
E22_Man-Made_Object67,E35_Title202,P102_has_title
E12_Production70,E21_Person96,P14_carried_out_by
E21_Person96,E69_Death12,P100i_died_in
E21_Person96,E74_Group4,P107i_is_current_or_former_member_of
E21_Person96,E67_Birth85,P98i_was_born
E21_Person96,E82_Actor_Appellation27,P131_is_identified_by
E22_Man-Made_Object68,E35_Title268,P102_has_title
E22_Man-Made_Object68,E12_Production35,P108i_was_produced_by
E67_Birth15,E52_Time-Span133,P4_has_time-span
E21_Person104,E82_Actor_Appellation11,P131_is_identified_by
E21_Person104,E67_Birth62,P98i_was_born
E21_Person104,E69_Death59,P100i_died_in
E21_Person104,E74_Group4,P107i_is_current_or_former_member_of
E21_Person36,E69_Death8,P100i_died_in
E21_Person36,E67_Birth12,P98i_was_born
E21_Person36,E82_Actor_Appellation76,P131_is_identified_by
E21_Person36,E74_Group4,P107i_is_current_or_former_member_of
E12_Production72,E21_Person163,P14_carried_out_by
E22_Man-Made_Object69,E12_Production254,P108i_was_produced_by
E22_Man-Made_Object69,E35_Title275,P102_has_title
E12_Production254,E21_Person85,P14_carried_out_by
E22_Man-Made_Object70,E12_Production235,P108i_was_produced_by
E22_Man-Made_Object70,E35_Title215,P102_has_title
E12_Production235,E21_Person82,P14_carried_out_by
E12_Production73,E21_Person176,P14_carried_out_by
E21_Person176,E74_Group4,P107i_is_current_or_former_member_of
E21_Person176,E82_Actor_Appellation104,P131_is_identified_by
E21_Person176,E69_Death97,P100i_died_in
E21_Person176,E67_Birth75,P98i_was_born
E67_Birth16,E52_Time-Span128,P4_has_time-span
E12_Production74,E21_Person150,P14_carried_out_by
E22_Man-Made_Object71,E35_Title209,P102_has_title
E22_Man-Made_Object71,E12_Production47,P108i_was_produced_by
E21_Person37,E82_Actor_Appellation98,P131_is_identified_by
E21_Person37,E67_Birth86,P98i_was_born
E21_Person37,E69_Death93,P100i_died_in
E21_Person37,E74_Group4,P107i_is_current_or_former_member_of
E69_Death93,E52_Time-Span57,P4_has_time-span
E12_Production75,E21_Person162,P14_carried_out_by
E21_Person162,E82_Actor_Appellation74,P131_is_identified_by
E21_Person162,E74_Group4,P107i_is_current_or_former_member_of
E21_Person162,E69_Death25,P100i_died_in
E21_Person162,E67_Birth59,P98i_was_born
E69_Death26,E52_Time-Span103,P4_has_time-span
E67_Birth80,E52_Time-Span3,P4_has_time-span
E21_Person39,E69_Death24,P100i_died_in
E21_Person39,E82_Actor_Appellation20,P131_is_identified_by
E21_Person39,E74_Group4,P107i_is_current_or_former_member_of
E21_Person39,E67_Birth25,P98i_was_born
E69_Death24,E52_Time-Span138,P4_has_time-span
E67_Birth25,E52_Time-Span90,P4_has_time-span
E22_Man-Made_Object72,E12_Production233,P108i_was_produced_by
E22_Man-Made_Object72,E35_Title63,P102_has_title
E12_Production233,E21_Person159,P14_carried_out_by
E22_Man-Made_Object73,E12_Production172,P108i_was_produced_by
E22_Man-Made_Object73,E35_Title166,P102_has_title
E12_Production172,E21_Person39,P14_carried_out_by
E21_Person40,E69_Death71,P100i_died_in
E21_Person40,E67_Birth16,P98i_was_born
E21_Person40,E74_Group4,P107i_is_current_or_former_member_of
E21_Person40,E82_Actor_Appellation78,P131_is_identified_by
E69_Death71,E52_Time-Span37,P4_has_time-span
E12_Production77,E21_Person168,P14_carried_out_by
E21_Person168,E82_Actor_Appellation115,P131_is_identified_by
E21_Person168,E67_Birth36,P98i_was_born
E21_Person168,E74_Group4,P107i_is_current_or_former_member_of
E21_Person168,E69_Death13,P100i_died_in
E22_Man-Made_Object74,E12_Production305,P108i_was_produced_by
E22_Man-Made_Object74,E35_Title141,P102_has_title
E12_Production305,E21_Person106,P14_carried_out_by
E12_Production78,E21_Person36,P14_carried_out_by
E21_Person41,E82_Actor_Appellation39,P131_is_identified_by
E21_Person41,E74_Group4,P107i_is_current_or_former_member_of
E21_Person41,E69_Death55,P100i_died_in
E21_Person41,E67_Birth19,P98i_was_born
E67_Birth19,E52_Time-Span7,P4_has_time-span
E22_Man-Made_Object75,E12_Production183,P108i_was_produced_by
E22_Man-Made_Object75,E35_Title132,P102_has_title
E12_Production183,E21_Person184,P14_carried_out_by
E12_Production79,E21_Person77,P14_carried_out_by
E12_Production80,E21_Person131,P14_carried_out_by
E21_Person131,E74_Group4,P107i_is_current_or_former_member_of
E21_Person131,E82_Actor_Appellation18,P131_is_identified_by
E21_Person131,E67_Birth56,P98i_was_born
E21_Person131,E69_Death21,P100i_died_in
E69_Death22,E52_Time-Span23,P4_has_time-span
E69_Death23,E52_Time-Span155,P4_has_time-span
E22_Man-Made_Object76,E35_Title131,P102_has_title
E22_Man-Made_Object76,E12_Production193,P108i_was_produced_by
E12_Production193,E21_Person98,P14_carried_out_by
E22_Man-Made_Object77,E35_Title116,P102_has_title
E22_Man-Made_Object77,E12_Production174,P108i_was_produced_by
E12_Production174,E21_Person74,P14_carried_out_by
E21_Person42,E74_Group4,P107i_is_current_or_former_member_of
E21_Person42,E82_Actor_Appellation15,P131_is_identified_by
E21_Person42,E67_Birth53,P98i_was_born
E21_Person42,E69_Death68,P100i_died_in
E69_Death68,E52_Time-Span86,P4_has_time-span
E21_Person148,E82_Actor_Appellation65,P131_is_identified_by
E21_Person148,E74_Group4,P107i_is_current_or_former_member_of
E21_Person148,E69_Death12,P100i_died_in
E21_Person148,E67_Birth88,P98i_was_born
E12_Production82,E21_Person28,P14_carried_out_by
E21_Person43,E69_Death101,P100i_died_in
E21_Person43,E67_Birth30,P98i_was_born
E21_Person43,E82_Actor_Appellation153,P131_is_identified_by
E21_Person43,E74_Group4,P107i_is_current_or_former_member_of
E69_Death101,E52_Time-Span113,P4_has_time-span
E67_Birth30,E52_Time-Span109,P4_has_time-span
E12_Production84,E21_Person119,P14_carried_out_by
E21_Person119,E82_Actor_Appellation81,P131_is_identified_by
E21_Person119,E74_Group4,P107i_is_current_or_former_member_of
E21_Person119,E69_Death9,P100i_died_in
E21_Person119,E67_Birth45,P98i_was_born
E21_Person81,E74_Group4,P107i_is_current_or_former_member_of
E21_Person81,E67_Birth25,P98i_was_born
E21_Person81,E82_Actor_Appellation54,P131_is_identified_by
E21_Person81,E69_Death63,P100i_died_in
E21_Person64,E67_Birth38,P98i_was_born
E21_Person64,E82_Actor_Appellation48,P131_is_identified_by
E21_Person64,E74_Group4,P107i_is_current_or_former_member_of
E21_Person64,E69_Death30,P100i_died_in
E22_Man-Made_Object78,E12_Production187,P108i_was_produced_by
E22_Man-Made_Object78,E35_Title129,P102_has_title
E12_Production187,E21_Person3,P14_carried_out_by
E12_Production87,E21_Person114,P14_carried_out_by
E21_Person114,E69_Death80,P100i_died_in
E21_Person114,E67_Birth55,P98i_was_born
E21_Person114,E82_Actor_Appellation90,P131_is_identified_by
E21_Person114,E74_Group4,P107i_is_current_or_former_member_of
E22_Man-Made_Object79,E12_Production171,P108i_was_produced_by
E22_Man-Made_Object79,E35_Title247,P102_has_title
E12_Production171,E21_Person154,P14_carried_out_by
E12_Production88,E21_Person22,P14_carried_out_by
E21_Person174,E74_Group4,P107i_is_current_or_former_member_of
E21_Person174,E69_Death2,P100i_died_in
E21_Person174,E82_Actor_Appellation135,P131_is_identified_by
E21_Person174,E67_Birth63,P98i_was_born
E67_Birth24,E52_Time-Span35,P4_has_time-span
E22_Man-Made_Object80,E12_Production91,P108i_was_produced_by
E22_Man-Made_Object80,E35_Title153,P102_has_title
E12_Production91,E21_Person150,P14_carried_out_by
E12_Production90,E21_Person150,P14_carried_out_by
E22_Man-Made_Object81,E12_Production10,P108i_was_produced_by
E22_Man-Made_Object81,E35_Title107,P102_has_title
E12_Production92,E21_Person122,P14_carried_out_by
E21_Person122,E82_Actor_Appellation69,P131_is_identified_by
E21_Person122,E69_Death92,P100i_died_in
E21_Person122,E74_Group4,P107i_is_current_or_former_member_of
E21_Person122,E67_Birth41,P98i_was_born
E22_Man-Made_Object82,E12_Production135,P108i_was_produced_by
E22_Man-Made_Object82,E35_Title109,P102_has_title
E12_Production135,E21_Person101,P14_carried_out_by
E22_Man-Made_Object83,E12_Production179,P108i_was_produced_by
E22_Man-Made_Object83,E35_Title225,P102_has_title
E12_Production179,E21_Person133,P14_carried_out_by
E22_Man-Made_Object84,E12_Production126,P108i_was_produced_by
E22_Man-Made_Object84,E35_Title208,P102_has_title
E12_Production126,E21_Person78,P14_carried_out_by
E21_Person45,E82_Actor_Appellation172,P131_is_identified_by
E21_Person45,E67_Birth26,P98i_was_born
E21_Person45,E74_Group4,P107i_is_current_or_former_member_of
E21_Person45,E69_Death45,P100i_died_in
E69_Death45,E52_Time-Span63,P4_has_time-span
E21_Person46,E82_Actor_Appellation22,P131_is_identified_by
E21_Person46,E69_Death1,P100i_died_in
E21_Person46,E67_Birth92,P98i_was_born
E21_Person46,E74_Group4,P107i_is_current_or_former_member_of
E67_Birth92,E52_Time-Span141,P4_has_time-span
E22_Man-Made_Object85,E35_Title53,P102_has_title
E22_Man-Made_Object85,E12_Production203,P108i_was_produced_by
E12_Production203,E21_Person145,P14_carried_out_by
E21_Person47,E82_Actor_Appellation93,P131_is_identified_by
E21_Person47,E74_Group4,P107i_is_current_or_former_member_of
E21_Person47,E69_Death62,P100i_died_in
E21_Person47,E67_Birth83,P98i_was_born
E69_Death62,E52_Time-Span114,P4_has_time-span
E67_Birth83,E52_Time-Span77,P4_has_time-span
E22_Man-Made_Object86,E35_Title264,P102_has_title
E22_Man-Made_Object86,E12_Production69,P108i_was_produced_by
E22_Man-Made_Object87,E35_Title174,P102_has_title
E22_Man-Made_Object87,E12_Production256,P108i_was_produced_by
E12_Production256,E21_Person91,P14_carried_out_by
E69_Death27,E52_Time-Span75,P4_has_time-span
E22_Man-Made_Object88,E35_Title55,P102_has_title
E22_Man-Made_Object88,E12_Production70,P108i_was_produced_by
E22_Man-Made_Object89,E12_Production154,P108i_was_produced_by
E22_Man-Made_Object89,E35_Title67,P102_has_title
E12_Production154,E21_Person36,P14_carried_out_by
E12_Production93,E21_Person166,P14_carried_out_by
E21_Person166,E82_Actor_Appellation55,P131_is_identified_by
E21_Person166,E69_Death25,P100i_died_in
E21_Person166,E67_Birth43,P98i_was_born
E21_Person166,E74_Group4,P107i_is_current_or_former_member_of
E69_Death44,E52_Time-Span60,P4_has_time-span
E67_Birth40,E52_Time-Span49,P4_has_time-span
E22_Man-Made_Object90,E35_Title91,P102_has_title
E22_Man-Made_Object90,E12_Production261,P108i_was_produced_by
E12_Production261,E21_Person111,P14_carried_out_by
E22_Man-Made_Object91,E35_Title288,P102_has_title
E22_Man-Made_Object91,E12_Production287,P108i_was_produced_by
E12_Production287,E21_Person150,P14_carried_out_by
E22_Man-Made_Object92,E12_Production44,P108i_was_produced_by
E22_Man-Made_Object92,E35_Title252,P102_has_title
E22_Man-Made_Object93,E12_Production297,P108i_was_produced_by
E22_Man-Made_Object93,E35_Title136,P102_has_title
E12_Production297,E21_Person172,P14_carried_out_by
E22_Man-Made_Object94,E12_Production236,P108i_was_produced_by
E22_Man-Made_Object94,E35_Title161,P102_has_title
E12_Production236,E21_Person160,P14_carried_out_by
E22_Man-Made_Object95,E12_Production60,P108i_was_produced_by
E22_Man-Made_Object95,E35_Title95,P102_has_title
E12_Production94,E21_Person148,P14_carried_out_by
E12_Production95,E21_Person79,P14_carried_out_by
E12_Production96,E21_Person29,P14_carried_out_by
E22_Man-Made_Object96,E12_Production80,P108i_was_produced_by
E22_Man-Made_Object96,E35_Title270,P102_has_title
E69_Death28,E52_Time-Span120,P4_has_time-span
E69_Death30,E52_Time-Span48,P4_has_time-span
E69_Death31,E52_Time-Span84,P4_has_time-span
E22_Man-Made_Object97,E12_Production226,P108i_was_produced_by
E22_Man-Made_Object97,E35_Title261,P102_has_title
E12_Production226,E21_Person90,P14_carried_out_by
E22_Man-Made_Object98,E12_Production55,P108i_was_produced_by
E22_Man-Made_Object98,E35_Title211,P102_has_title
E21_Person49,E69_Death90,P100i_died_in
E21_Person49,E82_Actor_Appellation170,P131_is_identified_by
E21_Person49,E67_Birth91,P98i_was_born
E21_Person49,E74_Group4,P107i_is_current_or_former_member_of
E69_Death90,E52_Time-Span149,P4_has_time-span
E67_Birth91,E52_Time-Span83,P4_has_time-span
E69_Death58,E52_Time-Span91,P4_has_time-span
E67_Birth42,E52_Time-Span137,P4_has_time-span
E22_Man-Made_Object99,E12_Production267,P108i_was_produced_by
E22_Man-Made_Object99,E35_Title214,P102_has_title
E12_Production267,E21_Person49,P14_carried_out_by
E12_Production97,E21_Person147,P14_carried_out_by
E21_Person147,E69_Death12,P100i_died_in
E21_Person147,E82_Actor_Appellation16,P131_is_identified_by
E21_Person147,E67_Birth85,P98i_was_born
E21_Person147,E74_Group4,P107i_is_current_or_former_member_of
E67_Birth20,E52_Time-Span45,P4_has_time-span
E22_Man-Made_Object100,E12_Production275,P108i_was_produced_by
E22_Man-Made_Object100,E35_Title81,P102_has_title
E12_Production275,E21_Person23,P14_carried_out_by
E69_Death54,E52_Time-Span141,P4_has_time-span
E67_Birth59,E52_Time-Span11,P4_has_time-span
E12_Production98,E21_Person102,P14_carried_out_by
E21_Person102,E69_Death39,P100i_died_in
E21_Person102,E67_Birth20,P98i_was_born
E21_Person102,E82_Actor_Appellation144,P131_is_identified_by
E21_Person102,E74_Group4,P107i_is_current_or_former_member_of
E69_Death32,E52_Time-Span156,P4_has_time-span
E21_Person52,E67_Birth46,P98i_was_born
E21_Person52,E74_Group4,P107i_is_current_or_former_member_of
E21_Person52,E82_Actor_Appellation117,P131_is_identified_by
E21_Person52,E69_Death84,P100i_died_in
E67_Birth46,E52_Time-Span130,P4_has_time-span
E67_Birth88,E52_Time-Span23,P4_has_time-span
E22_Man-Made_Object101,E35_Title292,P102_has_title
E22_Man-Made_Object101,E12_Production185,P108i_was_produced_by
E12_Production185,E21_Person42,P14_carried_out_by
E21_Person54,E69_Death78,P100i_died_in
E21_Person54,E74_Group4,P107i_is_current_or_former_member_of
E21_Person54,E82_Actor_Appellation102,P131_is_identified_by
E21_Person54,E67_Birth71,P98i_was_born
E69_Death78,E52_Time-Span62,P4_has_time-span
E67_Birth71,E52_Time-Span54,P4_has_time-span
E21_Person55,E82_Actor_Appellation177,P131_is_identified_by
E21_Person55,E74_Group4,P107i_is_current_or_former_member_of
E21_Person55,E67_Birth17,P98i_was_born
E21_Person55,E69_Death18,P100i_died_in
E69_Death33,E52_Time-Span66,P4_has_time-span
E69_Death34,E52_Time-Span124,P4_has_time-span
E12_Production99,E21_Person172,P14_carried_out_by
E21_Person172,E69_Death48,P100i_died_in
E21_Person172,E67_Birth87,P98i_was_born
E21_Person172,E74_Group4,P107i_is_current_or_former_member_of
E21_Person172,E82_Actor_Appellation171,P131_is_identified_by
E21_Person56,E74_Group4,P107i_is_current_or_former_member_of
E21_Person56,E82_Actor_Appellation130,P131_is_identified_by
E21_Person56,E67_Birth5,P98i_was_born
E21_Person56,E69_Death16,P100i_died_in
E22_Man-Made_Object102,E12_Production8,P108i_was_produced_by
E22_Man-Made_Object102,E35_Title186,P102_has_title
E22_Man-Made_Object103,E35_Title192,P102_has_title
E22_Man-Made_Object103,E12_Production257,P108i_was_produced_by
E12_Production257,E21_Person29,P14_carried_out_by
E22_Man-Made_Object104,E12_Production42,P108i_was_produced_by
E22_Man-Made_Object104,E35_Title231,P102_has_title
E22_Man-Made_Object105,E35_Title150,P102_has_title
E22_Man-Made_Object105,E12_Production99,P108i_was_produced_by
E21_Person189,E74_Group4,P107i_is_current_or_former_member_of
E21_Person189,E67_Birth12,P98i_was_born
E21_Person189,E69_Death31,P100i_died_in
E21_Person189,E82_Actor_Appellation161,P131_is_identified_by
E22_Man-Made_Object106,E35_Title115,P102_has_title
E22_Man-Made_Object106,E12_Production218,P108i_was_produced_by
E12_Production218,E21_Person28,P14_carried_out_by
E22_Man-Made_Object107,E12_Production222,P108i_was_produced_by
E22_Man-Made_Object107,E35_Title47,P102_has_title
E12_Production222,E21_Person101,P14_carried_out_by
E22_Man-Made_Object108,E35_Title180,P102_has_title
E22_Man-Made_Object108,E12_Production127,P108i_was_produced_by
E12_Production127,E21_Person150,P14_carried_out_by
E12_Production101,E21_Person149,P14_carried_out_by
E67_Birth37,E52_Time-Span145,P4_has_time-span
E21_Person59,E82_Actor_Appellation106,P131_is_identified_by
E21_Person59,E69_Death9,P100i_died_in
E21_Person59,E74_Group4,P107i_is_current_or_former_member_of
E21_Person59,E67_Birth68,P98i_was_born
E67_Birth68,E52_Time-Span5,P4_has_time-span
E22_Man-Made_Object109,E12_Production277,P108i_was_produced_by
E22_Man-Made_Object109,E35_Title213,P102_has_title
E12_Production277,E21_Person56,P14_carried_out_by
E67_Birth22,E52_Time-Span82,P4_has_time-span
E22_Man-Made_Object110,E35_Title170,P102_has_title
E22_Man-Made_Object110,E12_Production67,P108i_was_produced_by
E12_Production103,E21_Person174,P14_carried_out_by
E22_Man-Made_Object111,E12_Production17,P108i_was_produced_by
E22_Man-Made_Object111,E35_Title145,P102_has_title
E22_Man-Made_Object112,E12_Production77,P108i_was_produced_by
E22_Man-Made_Object112,E35_Title241,P102_has_title
E22_Man-Made_Object113,E12_Production176,P108i_was_produced_by
E22_Man-Made_Object113,E35_Title198,P102_has_title
E12_Production176,E21_Person66,P14_carried_out_by
E22_Man-Made_Object114,E35_Title226,P102_has_title
E22_Man-Made_Object114,E12_Production128,P108i_was_produced_by
E12_Production128,E21_Person79,P14_carried_out_by
E69_Death36,E52_Time-Span70,P4_has_time-span
E12_Production105,E21_Person41,P14_carried_out_by
E69_Death37,E52_Time-Span98,P4_has_time-span
E22_Man-Made_Object115,E35_Title240,P102_has_title
E22_Man-Made_Object115,E12_Production177,P108i_was_produced_by
E12_Production177,E21_Person58,P14_carried_out_by
E69_Death39,E52_Time-Span89,P4_has_time-span
E22_Man-Made_Object116,E35_Title169,P102_has_title
E22_Man-Made_Object116,E12_Production114,P108i_was_produced_by
E12_Production114,E21_Person106,P14_carried_out_by
E22_Man-Made_Object117,E35_Title52,P102_has_title
E22_Man-Made_Object117,E12_Production88,P108i_was_produced_by
E22_Man-Made_Object118,E35_Title194,P102_has_title
E22_Man-Made_Object118,E12_Production74,P108i_was_produced_by
E12_Production108,E21_Person175,P14_carried_out_by
E21_Person175,E74_Group4,P107i_is_current_or_former_member_of
E21_Person175,E82_Actor_Appellation124,P131_is_identified_by
E21_Person175,E69_Death8,P100i_died_in
E21_Person175,E67_Birth10,P98i_was_born
E12_Production109,E21_Person69,P14_carried_out_by
E12_Production110,E21_Person33,P14_carried_out_by
E69_Death40,E52_Time-Span131,P4_has_time-span
E21_Person60,E74_Group4,P107i_is_current_or_former_member_of
E21_Person60,E69_Death34,P100i_died_in
E21_Person60,E82_Actor_Appellation17,P131_is_identified_by
E21_Person60,E67_Birth62,P98i_was_born
E67_Birth62,E52_Time-Span61,P4_has_time-span
E12_Production111,E21_Person142,P14_carried_out_by
E21_Person142,E67_Birth23,P98i_was_born
E21_Person142,E69_Death40,P100i_died_in
E21_Person142,E82_Actor_Appellation158,P131_is_identified_by
E21_Person142,E74_Group4,P107i_is_current_or_former_member_of
E12_Production112,E21_Person17,P14_carried_out_by
E22_Man-Made_Object119,E35_Title218,P102_has_title
E22_Man-Made_Object119,E12_Production164,P108i_was_produced_by
E12_Production164,E21_Person85,P14_carried_out_by
E21_Person61,E67_Birth8,P98i_was_born
E21_Person61,E69_Death82,P100i_died_in
E21_Person61,E82_Actor_Appellation164,P131_is_identified_by
E21_Person61,E74_Group4,P107i_is_current_or_former_member_of
E69_Death82,E52_Time-Span88,P4_has_time-span
E67_Birth23,E52_Time-Span41,P4_has_time-span
E22_Man-Made_Object120,E12_Production115,P108i_was_produced_by
E22_Man-Made_Object120,E35_Title155,P102_has_title
E12_Production115,E21_Person29,P14_carried_out_by
E12_Production113,E21_Person33,P14_carried_out_by
E22_Man-Made_Object121,E12_Production4,P108i_was_produced_by
E22_Man-Made_Object121,E35_Title184,P102_has_title
E22_Man-Made_Object122,E35_Title159,P102_has_title
E22_Man-Made_Object122,E12_Production15,P108i_was_produced_by
E21_Person106,E82_Actor_Appellation148,P131_is_identified_by
E21_Person106,E67_Birth81,P98i_was_born
E21_Person106,E74_Group4,P107i_is_current_or_former_member_of
E21_Person106,E69_Death98,P100i_died_in
E22_Man-Made_Object123,E12_Production276,P108i_was_produced_by
E22_Man-Made_Object123,E35_Title253,P102_has_title
E12_Production276,E21_Person56,P14_carried_out_by
E21_Person63,E69_Death71,P100i_died_in
E21_Person63,E82_Actor_Appellation182,P131_is_identified_by
E21_Person63,E67_Birth10,P98i_was_born
E21_Person63,E74_Group4,P107i_is_current_or_former_member_of
E22_Man-Made_Object124,E12_Production295,P108i_was_produced_by
E22_Man-Made_Object124,E35_Title286,P102_has_title
E12_Production295,E21_Person2,P14_carried_out_by
E22_Man-Made_Object125,E35_Title287,P102_has_title
E22_Man-Made_Object125,E12_Production285,P108i_was_produced_by
E12_Production285,E21_Person55,P14_carried_out_by
E67_Birth38,E52_Time-Span99,P4_has_time-span
E21_Person65,E67_Birth81,P98i_was_born
E21_Person65,E69_Death75,P100i_died_in
E21_Person65,E82_Actor_Appellation91,P131_is_identified_by
E21_Person65,E74_Group4,P107i_is_current_or_former_member_of
E67_Birth81,E52_Time-Span112,P4_has_time-span
E69_Death75,E52_Time-Span157,P4_has_time-span
E21_Person66,E69_Death38,P100i_died_in
E21_Person66,E67_Birth54,P98i_was_born
E21_Person66,E74_Group4,P107i_is_current_or_former_member_of
E21_Person66,E82_Actor_Appellation119,P131_is_identified_by
E67_Birth54,E52_Time-Span52,P4_has_time-span
E21_Person67,E82_Actor_Appellation8,P131_is_identified_by
E21_Person67,E67_Birth59,P98i_was_born
E21_Person67,E69_Death94,P100i_died_in
E21_Person67,E74_Group4,P107i_is_current_or_former_member_of
E69_Death94,E52_Time-Span135,P4_has_time-span
E67_Birth55,E52_Time-Span47,P4_has_time-span
E69_Death102,E52_Time-Span142,P4_has_time-span
E12_Production116,E21_Person164,P14_carried_out_by
E12_Production117,E21_Person139,P14_carried_out_by
E21_Person139,E67_Birth1,P98i_was_born
E21_Person139,E82_Actor_Appellation63,P131_is_identified_by
E21_Person139,E74_Group4,P107i_is_current_or_former_member_of
E21_Person139,E69_Death85,P100i_died_in
E22_Man-Made_Object126,E12_Production138,P108i_was_produced_by
E22_Man-Made_Object126,E35_Title259,P102_has_title
E12_Production138,E21_Person54,P14_carried_out_by
E22_Man-Made_Object127,E12_Production40,P108i_was_produced_by
E22_Man-Made_Object127,E35_Title83,P102_has_title
E12_Production119,E21_Person55,P14_carried_out_by
E12_Production120,E21_Person101,P14_carried_out_by
E21_Person101,E74_Group4,P107i_is_current_or_former_member_of
E21_Person101,E69_Death56,P100i_died_in
E21_Person101,E82_Actor_Appellation61,P131_is_identified_by
E21_Person101,E67_Birth73,P98i_was_born
E21_Person70,E69_Death1,P100i_died_in
E21_Person70,E74_Group4,P107i_is_current_or_former_member_of
E21_Person70,E67_Birth50,P98i_was_born
E21_Person70,E82_Actor_Appellation140,P131_is_identified_by
E12_Production121,E21_Person11,P14_carried_out_by
E12_Production122,E21_Person28,P14_carried_out_by
E69_Death60,E52_Time-Span104,P4_has_time-span
E12_Production123,E21_Person80,P14_carried_out_by
E67_Birth82,E52_Time-Span46,P4_has_time-span
E22_Man-Made_Object128,E12_Production51,P108i_was_produced_by
E22_Man-Made_Object128,E35_Title27,P102_has_title
E22_Man-Made_Object129,E35_Title254,P102_has_title
E22_Man-Made_Object129,E12_Production48,P108i_was_produced_by
E22_Man-Made_Object130,E35_Title185,P102_has_title
E22_Man-Made_Object130,E12_Production65,P108i_was_produced_by
E22_Man-Made_Object131,E35_Title86,P102_has_title
E22_Man-Made_Object131,E12_Production312,P108i_was_produced_by
E12_Production312,E21_Person45,P14_carried_out_by
E21_Person74,E82_Actor_Appellation187,P131_is_identified_by
E21_Person74,E67_Birth44,P98i_was_born
E21_Person74,E74_Group4,P107i_is_current_or_former_member_of
E21_Person74,E69_Death51,P100i_died_in
E69_Death51,E52_Time-Span31,P4_has_time-span
E21_Person121,E82_Actor_Appellation179,P131_is_identified_by
E21_Person121,E67_Birth34,P98i_was_born
E21_Person121,E69_Death14,P100i_died_in
E21_Person121,E74_Group4,P107i_is_current_or_former_member_of
E21_Person75,E69_Death55,P100i_died_in
E21_Person75,E67_Birth91,P98i_was_born
E21_Person75,E74_Group4,P107i_is_current_or_former_member_of
E21_Person75,E82_Actor_Appellation114,P131_is_identified_by
E22_Man-Made_Object132,E35_Title190,P102_has_title
E22_Man-Made_Object132,E12_Production109,P108i_was_produced_by
E21_Person124,E67_Birth59,P98i_was_born
E21_Person124,E82_Actor_Appellation166,P131_is_identified_by
E21_Person124,E69_Death102,P100i_died_in
E21_Person124,E74_Group4,P107i_is_current_or_former_member_of
E21_Person76,E67_Birth91,P98i_was_born
E21_Person76,E69_Death69,P100i_died_in
E21_Person76,E82_Actor_Appellation3,P131_is_identified_by
E21_Person76,E74_Group4,P107i_is_current_or_former_member_of
E69_Death69,E52_Time-Span168,P4_has_time-span
E22_Man-Made_Object133,E12_Production207,P108i_was_produced_by
E22_Man-Made_Object133,E35_Title279,P102_has_title
E12_Production207,E21_Person109,P14_carried_out_by
E22_Man-Made_Object134,E35_Title119,P102_has_title
E22_Man-Made_Object134,E12_Production252,P108i_was_produced_by
E12_Production252,E21_Person59,P14_carried_out_by
E69_Death91,E52_Time-Span116,P4_has_time-span
E69_Death50,E52_Time-Span27,P4_has_time-span
E12_Production129,E21_Person51,P14_carried_out_by
E12_Production130,E21_Person70,P14_carried_out_by
E69_Death48,E52_Time-Span117,P4_has_time-span
E67_Birth27,E52_Time-Span162,P4_has_time-span
E22_Man-Made_Object135,E35_Title278,P102_has_title
E22_Man-Made_Object135,E12_Production196,P108i_was_produced_by
E12_Production196,E21_Person171,P14_carried_out_by
E69_Death63,E52_Time-Span160,P4_has_time-span
E12_Production132,E21_Person148,P14_carried_out_by
E67_Birth28,E52_Time-Span148,P4_has_time-span
E22_Man-Made_Object136,E12_Production280,P108i_was_produced_by
E22_Man-Made_Object136,E35_Title68,P102_has_title
E12_Production280,E21_Person91,P14_carried_out_by
E12_Production133,E21_Person125,P14_carried_out_by
E21_Person125,E74_Group4,P107i_is_current_or_former_member_of
E21_Person125,E67_Birth85,P98i_was_born
E21_Person125,E82_Actor_Appellation168,P131_is_identified_by
E21_Person125,E69_Death88,P100i_died_in
E21_Person82,E69_Death65,P100i_died_in
E21_Person82,E67_Birth4,P98i_was_born
E21_Person82,E74_Group4,P107i_is_current_or_former_member_of
E21_Person82,E82_Actor_Appellation139,P131_is_identified_by
E69_Death65,E52_Time-Span139,P4_has_time-span
E21_Person93,E74_Group4,P107i_is_current_or_former_member_of
E21_Person93,E67_Birth61,P98i_was_born
E21_Person93,E82_Actor_Appellation149,P131_is_identified_by
E21_Person93,E69_Death99,P100i_died_in
E22_Man-Made_Object137,E12_Production278,P108i_was_produced_by
E22_Man-Made_Object137,E35_Title88,P102_has_title
E12_Production278,E21_Person1,P14_carried_out_by
E22_Man-Made_Object138,E12_Production260,P108i_was_produced_by
E22_Man-Made_Object138,E35_Title294,P102_has_title
E12_Production260,E21_Person21,P14_carried_out_by
E21_Person83,E82_Actor_Appellation129,P131_is_identified_by
E21_Person83,E74_Group4,P107i_is_current_or_former_member_of
E21_Person83,E67_Birth83,P98i_was_born
E21_Person83,E69_Death69,P100i_died_in
E12_Production137,E21_Person26,P14_carried_out_by
E22_Man-Made_Object139,E12_Production72,P108i_was_produced_by
E22_Man-Made_Object139,E35_Title105,P102_has_title
E22_Man-Made_Object140,E35_Title197,P102_has_title
E22_Man-Made_Object140,E12_Production244,P108i_was_produced_by
E12_Production244,E21_Person132,P14_carried_out_by
E22_Man-Made_Object141,E12_Production194,P108i_was_produced_by
E22_Man-Made_Object141,E35_Title256,P102_has_title
E12_Production194,E21_Person77,P14_carried_out_by
E67_Birth29,E52_Time-Span122,P4_has_time-span
E22_Man-Made_Object142,E35_Title284,P102_has_title
E22_Man-Made_Object142,E12_Production130,P108i_was_produced_by
E21_Person84,E82_Actor_Appellation151,P131_is_identified_by
E21_Person84,E69_Death66,P100i_died_in
E21_Person84,E74_Group4,P107i_is_current_or_former_member_of
E21_Person84,E67_Birth28,P98i_was_born
E69_Death66,E52_Time-Span101,P4_has_time-span
E69_Death46,E52_Time-Span163,P4_has_time-span
E12_Production139,E21_Person163,P14_carried_out_by
E21_Person85,E67_Birth67,P98i_was_born
E21_Person85,E82_Actor_Appellation83,P131_is_identified_by
E21_Person85,E74_Group4,P107i_is_current_or_former_member_of
E21_Person85,E69_Death21,P100i_died_in
E67_Birth67,E52_Time-Span6,P4_has_time-span
E22_Man-Made_Object143,E12_Production6,P108i_was_produced_by
E22_Man-Made_Object143,E35_Title31,P102_has_title
E67_Birth64,E52_Time-Span53,P4_has_time-span
E69_Death98,E52_Time-Span108,P4_has_time-span
E22_Man-Made_Object144,E35_Title29,P102_has_title
E22_Man-Made_Object144,E12_Production75,P108i_was_produced_by
E12_Production140,E21_Person93,P14_carried_out_by
E22_Man-Made_Object145,E35_Title207,P102_has_title
E22_Man-Made_Object145,E12_Production180,P108i_was_produced_by
E12_Production180,E21_Person16,P14_carried_out_by
E67_Birth85,E52_Time-Span16,P4_has_time-span
E22_Man-Made_Object146,E35_Title193,P102_has_title
E22_Man-Made_Object146,E12_Production307,P108i_was_produced_by
E12_Production307,E21_Person95,P14_carried_out_by
E21_Person171,E69_Death16,P100i_died_in
E21_Person171,E67_Birth13,P98i_was_born
E21_Person171,E82_Actor_Appellation4,P131_is_identified_by
E21_Person171,E74_Group4,P107i_is_current_or_former_member_of
E21_Person88,E82_Actor_Appellation79,P131_is_identified_by
E21_Person88,E67_Birth25,P98i_was_born
E21_Person88,E69_Death49,P100i_died_in
E21_Person88,E74_Group4,P107i_is_current_or_former_member_of
E69_Death49,E52_Time-Span167,P4_has_time-span
E21_Person89,E74_Group4,P107i_is_current_or_former_member_of
E21_Person89,E67_Birth44,P98i_was_born
E21_Person89,E82_Actor_Appellation134,P131_is_identified_by
E21_Person89,E69_Death96,P100i_died_in
E69_Death96,E52_Time-Span79,P4_has_time-span
E21_Person178,E82_Actor_Appellation92,P131_is_identified_by
E21_Person178,E69_Death21,P100i_died_in
E21_Person178,E74_Group4,P107i_is_current_or_former_member_of
E21_Person178,E67_Birth83,P98i_was_born
E12_Production143,E21_Person161,P14_carried_out_by
E22_Man-Made_Object147,E35_Title118,P102_has_title
E22_Man-Made_Object147,E12_Production111,P108i_was_produced_by
E22_Man-Made_Object148,E35_Title36,P102_has_title
E22_Man-Made_Object148,E12_Production143,P108i_was_produced_by
E22_Man-Made_Object149,E12_Production195,P108i_was_produced_by
E22_Man-Made_Object149,E35_Title111,P102_has_title
E12_Production195,E21_Person92,P14_carried_out_by
E67_Birth31,E52_Time-Span152,P4_has_time-span
E22_Man-Made_Object150,E12_Production238,P108i_was_produced_by
E22_Man-Made_Object150,E35_Title103,P102_has_title
E12_Production238,E21_Person40,P14_carried_out_by
E12_Production144,E21_Person80,P14_carried_out_by
E67_Birth32,E52_Time-Span24,P4_has_time-span
E22_Man-Made_Object151,E35_Title8,P102_has_title
E22_Man-Made_Object151,E12_Production19,P108i_was_produced_by
E12_Production146,E21_Person43,P14_carried_out_by
E21_Person90,E74_Group4,P107i_is_current_or_former_member_of
E21_Person90,E69_Death11,P100i_died_in
E21_Person90,E67_Birth41,P98i_was_born
E21_Person90,E82_Actor_Appellation185,P131_is_identified_by
E67_Birth41,E52_Time-Span119,P4_has_time-span
E67_Birth33,E52_Time-Span20,P4_has_time-span
E22_Man-Made_Object152,E35_Title239,P102_has_title
E22_Man-Made_Object152,E12_Production188,P108i_was_produced_by
E12_Production188,E21_Person157,P14_carried_out_by
E21_Person91,E69_Death51,P100i_died_in
E21_Person91,E74_Group4,P107i_is_current_or_former_member_of
E21_Person91,E67_Birth6,P98i_was_born
E21_Person91,E82_Actor_Appellation167,P131_is_identified_by
E12_Production147,E21_Person170,P14_carried_out_by
E21_Person170,E82_Actor_Appellation51,P131_is_identified_by
E21_Person170,E74_Group4,P107i_is_current_or_former_member_of
E21_Person170,E69_Death99,P100i_died_in
E21_Person170,E67_Birth35,P98i_was_born
E22_Man-Made_Object153,E12_Production163,P108i_was_produced_by
E22_Man-Made_Object153,E35_Title237,P102_has_title
E12_Production163,E21_Person101,P14_carried_out_by
E67_Birth34,E52_Time-Span132,P4_has_time-span
E22_Man-Made_Object154,E12_Production162,P108i_was_produced_by
E22_Man-Made_Object154,E35_Title285,P102_has_title
E12_Production162,E21_Person115,P14_carried_out_by
E21_Person92,E82_Actor_Appellation47,P131_is_identified_by
E21_Person92,E74_Group4,P107i_is_current_or_former_member_of
E21_Person92,E67_Birth48,P98i_was_born
E21_Person92,E69_Death79,P100i_died_in
E67_Birth48,E52_Time-Span102,P4_has_time-span
E69_Death79,E52_Time-Span26,P4_has_time-span
E67_Birth35,E52_Time-Span37,P4_has_time-span
E12_Production148,E21_Person69,P14_carried_out_by
E12_Production149,E21_Person120,P14_carried_out_by
E67_Birth36,E52_Time-Span135,P4_has_time-span
E22_Man-Made_Object155,E35_Title181,P102_has_title
E22_Man-Made_Object155,E12_Production269,P108i_was_produced_by
E12_Production269,E21_Person51,P14_carried_out_by
E69_Death103,E52_Time-Span125,P4_has_time-span
E67_Birth79,E52_Time-Span159,P4_has_time-span
E67_Birth39,E52_Time-Span113,P4_has_time-span
E12_Production151,E21_Person110,P14_carried_out_by
E21_Person110,E67_Birth17,P98i_was_born
E21_Person110,E74_Group4,P107i_is_current_or_former_member_of
E21_Person110,E69_Death92,P100i_died_in
E21_Person110,E82_Actor_Appellation12,P131_is_identified_by
E21_Person95,E82_Actor_Appellation159,P131_is_identified_by
E21_Person95,E67_Birth27,P98i_was_born
E21_Person95,E74_Group4,P107i_is_current_or_former_member_of
E21_Person95,E69_Death32,P100i_died_in
E22_Man-Made_Object156,E12_Production313,P108i_was_produced_by
E22_Man-Made_Object156,E35_Title195,P102_has_title
E12_Production313,E21_Person144,P14_carried_out_by
E12_Production152,E21_Person97,P14_carried_out_by
E21_Person97,E69_Death13,P100i_died_in
E21_Person97,E82_Actor_Appellation133,P131_is_identified_by
E21_Person97,E74_Group3,P107i_is_current_or_former_member_of
E21_Person97,E67_Birth15,P98i_was_born
E12_Production153,E21_Person183,P14_carried_out_by
E12_Production155,E21_Person13,P14_carried_out_by
E22_Man-Made_Object157,E35_Title72,P102_has_title
E22_Man-Made_Object157,E12_Production117,P108i_was_produced_by
E22_Man-Made_Object158,E12_Production168,P108i_was_produced_by
E22_Man-Made_Object158,E35_Title283,P102_has_title
E12_Production168,E21_Person67,P14_carried_out_by
E22_Man-Made_Object159,E12_Production231,P108i_was_produced_by
E22_Man-Made_Object159,E35_Title120,P102_has_title
E12_Production231,E21_Person122,P14_carried_out_by
E22_Man-Made_Object160,E12_Production152,P108i_was_produced_by
E22_Man-Made_Object160,E35_Title78,P102_has_title
E22_Man-Made_Object161,E35_Title168,P102_has_title
E22_Man-Made_Object161,E12_Production217,P108i_was_produced_by
E12_Production217,E21_Person8,P14_carried_out_by
E22_Man-Made_Object162,E35_Title272,P102_has_title
E22_Man-Made_Object162,E12_Production160,P108i_was_produced_by
E12_Production160,E21_Person76,P14_carried_out_by
E21_Person98,E69_Death71,P100i_died_in
E21_Person98,E74_Group4,P107i_is_current_or_former_member_of
E21_Person98,E82_Actor_Appellation147,P131_is_identified_by
E21_Person98,E67_Birth45,P98i_was_born
E22_Man-Made_Object163,E35_Title289,P102_has_title
E22_Man-Made_Object163,E12_Production84,P108i_was_produced_by
E67_Birth49,E52_Time-Span51,P4_has_time-span
E21_Person100,E74_Group4,P107i_is_current_or_former_member_of
E21_Person100,E82_Actor_Appellation109,P131_is_identified_by
E21_Person100,E69_Death28,P100i_died_in
E21_Person100,E67_Birth29,P98i_was_born
E12_Production156,E21_Person122,P14_carried_out_by
E22_Man-Made_Object164,E35_Title257,P102_has_title
E22_Man-Made_Object164,E12_Production66,P108i_was_produced_by
E12_Production157,E21_Person103,P14_carried_out_by
E21_Person103,E69_Death21,P100i_died_in
E21_Person103,E67_Birth85,P98i_was_born
E21_Person103,E74_Group4,P107i_is_current_or_former_member_of
E21_Person103,E82_Actor_Appellation105,P131_is_identified_by
E22_Man-Made_Object165,E35_Title6,P102_has_title
E22_Man-Made_Object165,E12_Production133,P108i_was_produced_by
E12_Production158,E21_Person107,P14_carried_out_by
E21_Person107,E67_Birth83,P98i_was_born
E21_Person107,E82_Actor_Appellation32,P131_is_identified_by
E21_Person107,E74_Group4,P107i_is_current_or_former_member_of
E21_Person107,E69_Death65,P100i_died_in
E69_Death56,E52_Time-Span107,P4_has_time-span
E12_Production159,E21_Person178,P14_carried_out_by
E67_Birth73,E52_Time-Span118,P4_has_time-span
E22_Man-Made_Object166,E12_Production112,P108i_was_produced_by
E22_Man-Made_Object166,E35_Title45,P102_has_title
E22_Man-Made_Object167,E35_Title96,P102_has_title
E22_Man-Made_Object167,E12_Production284,P108i_was_produced_by
E12_Production284,E21_Person35,P14_carried_out_by
E69_Death57,E52_Time-Span55,P4_has_time-span
E22_Man-Made_Object168,E35_Title69,P102_has_title
E22_Man-Made_Object168,E12_Production309,P108i_was_produced_by
E12_Production309,E21_Person30,P14_carried_out_by
E22_Man-Made_Object169,E35_Title299,P102_has_title
E22_Man-Made_Object169,E12_Production253,P108i_was_produced_by
E12_Production253,E21_Person37,P14_carried_out_by
E12_Production165,E21_Person187,P14_carried_out_by
E21_Person187,E74_Group4,P107i_is_current_or_former_member_of
E21_Person187,E82_Actor_Appellation6,P131_is_identified_by
E21_Person187,E69_Death17,P100i_died_in
E21_Person187,E67_Birth39,P98i_was_born
E12_Production166,E21_Person152,P14_carried_out_by
E21_Person152,E74_Group4,P107i_is_current_or_former_member_of
E21_Person152,E69_Death62,P100i_died_in
E21_Person152,E67_Birth71,P98i_was_born
E21_Person152,E82_Actor_Appellation89,P131_is_identified_by
E12_Production167,E21_Person181,P14_carried_out_by
E21_Person181,E74_Group4,P107i_is_current_or_former_member_of
E21_Person181,E69_Death42,P100i_died_in
E21_Person181,E82_Actor_Appellation116,P131_is_identified_by
E21_Person181,E67_Birth76,P98i_was_born
E22_Man-Made_Object170,E12_Production216,P108i_was_produced_by
E22_Man-Made_Object170,E35_Title13,P102_has_title
E12_Production216,E21_Person83,P14_carried_out_by
E22_Man-Made_Object171,E12_Production221,P108i_was_produced_by
E22_Man-Made_Object171,E35_Title22,P102_has_title
E12_Production221,E21_Person150,P14_carried_out_by
E12_Production170,E21_Person28,P14_carried_out_by
E21_Person154,E82_Actor_Appellation141,P131_is_identified_by
E21_Person154,E74_Group4,P107i_is_current_or_former_member_of
E21_Person154,E67_Birth64,P98i_was_born
E21_Person154,E69_Death88,P100i_died_in
E22_Man-Made_Object172,E12_Production182,P108i_was_produced_by
E22_Man-Made_Object172,E35_Title18,P102_has_title
E12_Production182,E21_Person88,P14_carried_out_by
E12_Production173,E21_Person136,P14_carried_out_by
E21_Person136,E74_Group4,P107i_is_current_or_former_member_of
E21_Person136,E69_Death5,P100i_died_in
E21_Person136,E82_Actor_Appellation71,P131_is_identified_by
E21_Person136,E67_Birth82,P98i_was_born
E22_Man-Made_Object173,E12_Production249,P108i_was_produced_by
E22_Man-Made_Object173,E35_Title156,P102_has_title
E12_Production249,E21_Person61,P14_carried_out_by
E69_Death59,E52_Time-Span102,P4_has_time-span
E12_Production175,E21_Person150,P14_carried_out_by
E67_Birth43,E52_Time-Span48,P4_has_time-span
E22_Man-Made_Object174,E12_Production95,P108i_was_produced_by
E22_Man-Made_Object174,E35_Title33,P102_has_title
E22_Man-Made_Object175,E35_Title171,P102_has_title
E22_Man-Made_Object175,E12_Production137,P108i_was_produced_by
E22_Man-Made_Object176,E12_Production144,P108i_was_produced_by
E22_Man-Made_Object176,E35_Title97,P102_has_title
E22_Man-Made_Object177,E12_Production250,P108i_was_produced_by
E22_Man-Made_Object177,E35_Title133,P102_has_title
E12_Production250,E21_Person80,P14_carried_out_by
E12_Production178,E21_Person65,P14_carried_out_by
E22_Man-Made_Object178,E12_Production166,P108i_was_produced_by
E22_Man-Made_Object178,E35_Title59,P102_has_title
E21_Person105,E69_Death57,P100i_died_in
E21_Person105,E82_Actor_Appellation72,P131_is_identified_by
E21_Person105,E74_Group4,P107i_is_current_or_former_member_of
E21_Person105,E67_Birth52,P98i_was_born
E22_Man-Made_Object179,E35_Title137,P102_has_title
E22_Man-Made_Object179,E12_Production28,P108i_was_produced_by
E22_Man-Made_Object180,E35_Title217,P102_has_title
E22_Man-Made_Object180,E12_Production189,P108i_was_produced_by
E12_Production189,E21_Person153,P14_carried_out_by
E22_Man-Made_Object181,E12_Production16,P108i_was_produced_by
E22_Man-Made_Object181,E35_Title280,P102_has_title
E12_Production181,E21_Person91,P14_carried_out_by
E22_Man-Made_Object182,E35_Title223,P102_has_title
E22_Man-Made_Object182,E12_Production258,P108i_was_produced_by
E12_Production258,E21_Person75,P14_carried_out_by
E21_Person184,E67_Birth85,P98i_was_born
E21_Person184,E69_Death24,P100i_died_in
E21_Person184,E74_Group4,P107i_is_current_or_former_member_of
E21_Person184,E82_Actor_Appellation80,P131_is_identified_by
E22_Man-Made_Object183,E12_Production146,P108i_was_produced_by
E22_Man-Made_Object183,E35_Title151,P102_has_title
E12_Production186,E21_Person81,P14_carried_out_by
E22_Man-Made_Object184,E35_Title2,P102_has_title
E22_Man-Made_Object184,E12_Production220,P108i_was_produced_by
E12_Production220,E21_Person150,P14_carried_out_by
E67_Birth84,E52_Time-Span56,P4_has_time-span
E21_Person157,E67_Birth32,P98i_was_born
E21_Person157,E74_Group4,P107i_is_current_or_former_member_of
E21_Person157,E69_Death9,P100i_died_in
E21_Person157,E82_Actor_Appellation41,P131_is_identified_by
E22_Man-Made_Object185,E35_Title34,P102_has_title
E22_Man-Made_Object185,E12_Production173,P108i_was_produced_by
E22_Man-Made_Object186,E35_Title9,P102_has_title
E22_Man-Made_Object186,E12_Production108,P108i_was_produced_by
E21_Person109,E82_Actor_Appellation136,P131_is_identified_by
E21_Person109,E69_Death74,P100i_died_in
E21_Person109,E67_Birth67,P98i_was_born
E21_Person109,E74_Group4,P107i_is_current_or_former_member_of
E69_Death74,E52_Time-Span8,P4_has_time-span
E21_Person153,E69_Death95,P100i_died_in
E21_Person153,E82_Actor_Appellation50,P131_is_identified_by
E21_Person153,E74_Group4,P107i_is_current_or_former_member_of
E21_Person153,E67_Birth66,P98i_was_born
E22_Man-Made_Object187,E35_Title92,P102_has_title
E22_Man-Made_Object187,E12_Production50,P108i_was_produced_by
E12_Production191,E21_Person4,P14_carried_out_by
E22_Man-Made_Object188,E12_Production290,P108i_was_produced_by
E22_Man-Made_Object188,E35_Title43,P102_has_title
E12_Production290,E21_Person122,P14_carried_out_by
E22_Man-Made_Object189,E35_Title157,P102_has_title
E22_Man-Made_Object189,E12_Production300,P108i_was_produced_by
E12_Production300,E21_Person89,P14_carried_out_by
E22_Man-Made_Object190,E35_Title295,P102_has_title
E22_Man-Made_Object190,E12_Production273,P108i_was_produced_by
E12_Production273,E21_Person12,P14_carried_out_by
E12_Production197,E21_Person89,P14_carried_out_by
E22_Man-Made_Object191,E12_Production64,P108i_was_produced_by
E22_Man-Made_Object191,E35_Title182,P102_has_title
E12_Production198,E21_Person155,P14_carried_out_by
E21_Person155,E74_Group4,P107i_is_current_or_former_member_of
E21_Person155,E69_Death103,P100i_died_in
E21_Person155,E67_Birth72,P98i_was_born
E21_Person155,E82_Actor_Appellation178,P131_is_identified_by
E69_Death92,E52_Time-Span80,P4_has_time-span
E22_Man-Made_Object192,E12_Production266,P108i_was_produced_by
E22_Man-Made_Object192,E35_Title99,P102_has_title
E12_Production266,E21_Person112,P14_carried_out_by
E22_Man-Made_Object193,E35_Title262,P102_has_title
E22_Man-Made_Object193,E12_Production259,P108i_was_produced_by
E12_Production259,E21_Person69,P14_carried_out_by
E12_Production199,E21_Person46,P14_carried_out_by
E12_Production200,E21_Person7,P14_carried_out_by
E22_Man-Made_Object194,E12_Production227,P108i_was_produced_by
E22_Man-Made_Object194,E35_Title23,P102_has_title
E12_Production227,E21_Person161,P14_carried_out_by
E21_Person111,E67_Birth7,P98i_was_born
E21_Person111,E82_Actor_Appellation82,P131_is_identified_by
E21_Person111,E69_Death89,P100i_died_in
E21_Person111,E74_Group4,P107i_is_current_or_former_member_of
E69_Death89,E52_Time-Span95,P4_has_time-span
E22_Man-Made_Object195,E35_Title173,P102_has_title
E22_Man-Made_Object195,E12_Production14,P108i_was_produced_by
E69_Death64,E52_Time-Span126,P4_has_time-span
E21_Person112,E67_Birth88,P98i_was_born
E21_Person112,E82_Actor_Appellation52,P131_is_identified_by
E21_Person112,E69_Death97,P100i_died_in
E21_Person112,E74_Group4,P107i_is_current_or_former_member_of
E22_Man-Made_Object196,E12_Production181,P108i_was_produced_by
E22_Man-Made_Object196,E35_Title228,P102_has_title
E22_Man-Made_Object197,E35_Title201,P102_has_title
E22_Man-Made_Object197,E12_Production178,P108i_was_produced_by
E22_Man-Made_Object198,E12_Production234,P108i_was_produced_by
E22_Man-Made_Object198,E35_Title229,P102_has_title
E12_Production234,E21_Person122,P14_carried_out_by
E12_Production202,E21_Person128,P14_carried_out_by
E21_Person128,E82_Actor_Appellation29,P131_is_identified_by
E21_Person128,E69_Death74,P100i_died_in
E21_Person128,E67_Birth70,P98i_was_born
E21_Person128,E74_Group4,P107i_is_current_or_former_member_of
E21_Person145,E67_Birth6,P98i_was_born
E21_Person145,E69_Death85,P100i_died_in
E21_Person145,E82_Actor_Appellation36,P131_is_identified_by
E21_Person145,E74_Group4,P107i_is_current_or_former_member_of
E22_Man-Made_Object199,E35_Title296,P102_has_title
E22_Man-Made_Object199,E12_Production101,P108i_was_produced_by
E69_Death80,E52_Time-Span25,P4_has_time-span
E22_Man-Made_Object200,E35_Title191,P102_has_title
E22_Man-Made_Object200,E12_Production92,P108i_was_produced_by
E12_Production204,E21_Person126,P14_carried_out_by
E21_Person126,E82_Actor_Appellation146,P131_is_identified_by
E21_Person126,E74_Group4,P107i_is_current_or_former_member_of
E21_Person126,E69_Death53,P100i_died_in
E21_Person126,E67_Birth31,P98i_was_born
E22_Man-Made_Object201,E35_Title277,P102_has_title
E22_Man-Made_Object201,E12_Production119,P108i_was_produced_by
E12_Production205,E21_Person150,P14_carried_out_by
E22_Man-Made_Object202,E35_Title235,P102_has_title
E22_Man-Made_Object202,E12_Production120,P108i_was_produced_by
E21_Person116,E82_Actor_Appellation75,P131_is_identified_by
E21_Person116,E74_Group4,P107i_is_current_or_former_member_of
E21_Person116,E67_Birth71,P98i_was_born
E21_Person116,E69_Death11,P100i_died_in
E22_Man-Made_Object203,E35_Title143,P102_has_title
E22_Man-Made_Object203,E12_Production18,P108i_was_produced_by
E22_Man-Made_Object204,E12_Production310,P108i_was_produced_by
E22_Man-Made_Object204,E35_Title90,P102_has_title
E12_Production310,E21_Person161,P14_carried_out_by
E22_Man-Made_Object205,E12_Production34,P108i_was_produced_by
E22_Man-Made_Object205,E35_Title300,P102_has_title
E22_Man-Made_Object206,E35_Title121,P102_has_title
E22_Man-Made_Object206,E12_Production246,P108i_was_produced_by
E12_Production246,E21_Person31,P14_carried_out_by
E22_Man-Made_Object207,E12_Production7,P108i_was_produced_by
E22_Man-Made_Object207,E35_Title200,P102_has_title
E22_Man-Made_Object208,E35_Title20,P102_has_title
E22_Man-Made_Object208,E12_Production156,P108i_was_produced_by
E22_Man-Made_Object209,E35_Title98,P102_has_title
E22_Man-Made_Object209,E12_Production255,P108i_was_produced_by
E12_Production255,E21_Person116,P14_carried_out_by
E22_Man-Made_Object210,E12_Production103,P108i_was_produced_by
E22_Man-Made_Object210,E35_Title206,P102_has_title
E69_Death77,E52_Time-Span115,P4_has_time-span
E21_Person130,E82_Actor_Appellation35,P131_is_identified_by
E21_Person130,E67_Birth6,P98i_was_born
E21_Person130,E74_Group4,P107i_is_current_or_former_member_of
E21_Person130,E69_Death24,P100i_died_in
E22_Man-Made_Object211,E12_Production121,P108i_was_produced_by
E22_Man-Made_Object211,E35_Title163,P102_has_title
E22_Man-Made_Object212,E12_Production105,P108i_was_produced_by
E22_Man-Made_Object212,E35_Title244,P102_has_title
E21_Person118,E82_Actor_Appellation138,P131_is_identified_by
E21_Person118,E74_Group4,P107i_is_current_or_former_member_of
E21_Person118,E67_Birth82,P98i_was_born
E21_Person118,E69_Death98,P100i_died_in
E22_Man-Made_Object213,E35_Title164,P102_has_title
E22_Man-Made_Object213,E12_Production63,P108i_was_produced_by
E22_Man-Made_Object214,E35_Title71,P102_has_title
E22_Man-Made_Object214,E12_Production58,P108i_was_produced_by
E12_Production208,E21_Person32,P14_carried_out_by
E22_Man-Made_Object215,E12_Production270,P108i_was_produced_by
E22_Man-Made_Object215,E35_Title39,P102_has_title
E12_Production270,E21_Person87,P14_carried_out_by
E69_Death81,E52_Time-Span140,P4_has_time-span
E12_Production209,E21_Person15,P14_carried_out_by
E12_Production210,E21_Person19,P14_carried_out_by
E12_Production211,E21_Person51,P14_carried_out_by
E12_Production212,E21_Person151,P14_carried_out_by
E21_Person151,E67_Birth15,P98i_was_born
E21_Person151,E82_Actor_Appellation132,P131_is_identified_by
E21_Person151,E69_Death72,P100i_died_in
E21_Person151,E74_Group4,P107i_is_current_or_former_member_of
E22_Man-Made_Object216,E12_Production186,P108i_was_produced_by
E22_Man-Made_Object216,E35_Title3,P102_has_title
E22_Man-Made_Object217,E12_Production165,P108i_was_produced_by
E22_Man-Made_Object217,E35_Title10,P102_has_title
E22_Man-Made_Object218,E35_Title216,P102_has_title
E22_Man-Made_Object218,E12_Production232,P108i_was_produced_by
E12_Production232,E21_Person174,P14_carried_out_by
E22_Man-Made_Object219,E12_Production283,P108i_was_produced_by
E22_Man-Made_Object219,E35_Title158,P102_has_title
E12_Production283,E21_Person129,P14_carried_out_by
E22_Man-Made_Object220,E35_Title128,P102_has_title
E22_Man-Made_Object220,E12_Production219,P108i_was_produced_by
E12_Production219,E21_Person57,P14_carried_out_by
E69_Death88,E52_Time-Span14,P4_has_time-span
E22_Man-Made_Object221,E35_Title106,P102_has_title
E22_Man-Made_Object221,E12_Production274,P108i_was_produced_by
E12_Production274,E21_Person188,P14_carried_out_by
E12_Production214,E21_Person167,P14_carried_out_by
E21_Person167,E69_Death100,P100i_died_in
E21_Person167,E67_Birth22,P98i_was_born
E21_Person167,E82_Actor_Appellation126,P131_is_identified_by
E21_Person167,E74_Group4,P107i_is_current_or_former_member_of
E21_Person127,E67_Birth21,P98i_was_born
E21_Person127,E82_Actor_Appellation60,P131_is_identified_by
E21_Person127,E74_Group4,P107i_is_current_or_former_member_of
E21_Person127,E69_Death19,P100i_died_in
E22_Man-Made_Object222,E35_Title165,P102_has_title
E22_Man-Made_Object222,E12_Production39,P108i_was_produced_by
E22_Man-Made_Object223,E35_Title56,P102_has_title
E22_Man-Made_Object223,E12_Production301,P108i_was_produced_by
E12_Production301,E21_Person21,P14_carried_out_by
E22_Man-Made_Object224,E12_Production175,P108i_was_produced_by
E22_Man-Made_Object224,E35_Title123,P102_has_title
E69_Death72,E52_Time-Span10,P4_has_time-span
E22_Man-Made_Object225,E12_Production45,P108i_was_produced_by
E22_Man-Made_Object225,E35_Title41,P102_has_title
E67_Birth58,E52_Time-Span75,P4_has_time-span
E21_Person129,E69_Death12,P100i_died_in
E21_Person129,E67_Birth25,P98i_was_born
E21_Person129,E74_Group4,P107i_is_current_or_former_member_of
E21_Person129,E82_Actor_Appellation128,P131_is_identified_by
E22_Man-Made_Object226,E35_Title104,P102_has_title
E22_Man-Made_Object226,E12_Production110,P108i_was_produced_by
E12_Production223,E21_Person127,P14_carried_out_by
E22_Man-Made_Object227,E35_Title251,P102_has_title
E22_Man-Made_Object227,E12_Production79,P108i_was_produced_by
E22_Man-Made_Object228,E35_Title297,P102_has_title
E22_Man-Made_Object228,E12_Production116,P108i_was_produced_by
E21_Person132,E67_Birth33,P98i_was_born
E21_Person132,E74_Group4,P107i_is_current_or_former_member_of
E21_Person132,E82_Actor_Appellation70,P131_is_identified_by
E21_Person132,E69_Death23,P100i_died_in
E22_Man-Made_Object229,E35_Title266,P102_has_title
E22_Man-Made_Object229,E12_Production98,P108i_was_produced_by
E21_Person177,E69_Death25,P100i_died_in
E21_Person177,E74_Group4,P107i_is_current_or_former_member_of
E21_Person177,E67_Birth21,P98i_was_born
E21_Person177,E82_Actor_Appellation155,P131_is_identified_by
E22_Man-Made_Object230,E12_Production32,P108i_was_produced_by
E22_Man-Made_Object230,E35_Title101,P102_has_title
E22_Man-Made_Object231,E12_Production94,P108i_was_produced_by
E22_Man-Made_Object231,E35_Title40,P102_has_title
E22_Man-Made_Object232,E12_Production147,P108i_was_produced_by
E22_Man-Made_Object232,E35_Title16,P102_has_title
E22_Man-Made_Object233,E35_Title154,P102_has_title
E22_Man-Made_Object233,E12_Production199,P108i_was_produced_by
E22_Man-Made_Object234,E35_Title124,P102_has_title
E22_Man-Made_Object234,E12_Production271,P108i_was_produced_by
E12_Production271,E21_Person100,P14_carried_out_by
E22_Man-Made_Object235,E12_Production31,P108i_was_produced_by
E22_Man-Made_Object235,E35_Title246,P102_has_title
E12_Production230,E21_Person183,P14_carried_out_by
E21_Person138,E69_Death97,P100i_died_in
E21_Person138,E82_Actor_Appellation96,P131_is_identified_by
E21_Person138,E74_Group4,P107i_is_current_or_former_member_of
E21_Person138,E67_Birth75,P98i_was_born
E67_Birth63,E52_Time-Span147,P4_has_time-span
E22_Man-Made_Object236,E35_Title267,P102_has_title
E22_Man-Made_Object236,E12_Production22,P108i_was_produced_by
E21_Person159,E82_Actor_Appellation107,P131_is_identified_by
E21_Person159,E69_Death46,P100i_died_in
E21_Person159,E74_Group4,P107i_is_current_or_former_member_of
E21_Person159,E67_Birth19,P98i_was_born
E22_Man-Made_Object237,E12_Production248,P108i_was_produced_by
E22_Man-Made_Object237,E35_Title75,P102_has_title
E12_Production248,E21_Person105,P14_carried_out_by
E22_Man-Made_Object238,E12_Production96,P108i_was_produced_by
E22_Man-Made_Object238,E35_Title204,P102_has_title
E22_Man-Made_Object239,E12_Production268,P108i_was_produced_by
E22_Man-Made_Object239,E35_Title5,P102_has_title
E12_Production268,E21_Person172,P14_carried_out_by
E22_Man-Made_Object240,E35_Title298,P102_has_title
E22_Man-Made_Object240,E12_Production61,P108i_was_produced_by
E21_Person143,E67_Birth18,P98i_was_born
E21_Person143,E74_Group4,P107i_is_current_or_former_member_of
E21_Person143,E82_Actor_Appellation189,P131_is_identified_by
E21_Person143,E69_Death40,P100i_died_in
E22_Man-Made_Object241,E12_Production140,P108i_was_produced_by
E22_Man-Made_Object241,E35_Title134,P102_has_title
E21_Person160,E82_Actor_Appellation181,P131_is_identified_by
E21_Person160,E67_Birth50,P98i_was_born
E21_Person160,E69_Death12,P100i_died_in
E21_Person160,E74_Group4,P107i_is_current_or_former_member_of
E22_Man-Made_Object242,E35_Title286,P102_has_title
E22_Man-Made_Object242,E12_Production262,P108i_was_produced_by
E12_Production262,E21_Person118,P14_carried_out_by
E12_Production237,E21_Person48,P14_carried_out_by
E22_Man-Made_Object243,E35_Title61,P102_has_title
E22_Man-Made_Object243,E12_Production211,P108i_was_produced_by
E22_Man-Made_Object244,E12_Production158,P108i_was_produced_by
E22_Man-Made_Object244,E35_Title189,P102_has_title
E22_Man-Made_Object245,E35_Title281,P102_has_title
E22_Man-Made_Object245,E12_Production62,P108i_was_produced_by
E67_Birth66,E52_Time-Span166,P4_has_time-span
E21_Person144,E74_Group4,P107i_is_current_or_former_member_of
E21_Person144,E67_Birth69,P98i_was_born
E21_Person144,E82_Actor_Appellation68,P131_is_identified_by
E21_Person144,E69_Death59,P100i_died_in
E67_Birth69,E52_Time-Span126,P4_has_time-span
E69_Death83,E52_Time-Span110,P4_has_time-span
E22_Man-Made_Object246,E12_Production291,P108i_was_produced_by
E22_Man-Made_Object246,E35_Title188,P102_has_title
E12_Production291,E21_Person150,P14_carried_out_by
E12_Production243,E21_Person109,P14_carried_out_by
E22_Man-Made_Object247,E35_Title276,P102_has_title
E22_Man-Made_Object247,E12_Production87,P108i_was_produced_by
E22_Man-Made_Object248,E35_Title247,P102_has_title
E22_Man-Made_Object248,E12_Production139,P108i_was_produced_by
E22_Man-Made_Object249,E35_Title28,P102_has_title
E22_Man-Made_Object249,E12_Production198,P108i_was_produced_by
E22_Man-Made_Object250,E35_Title177,P102_has_title
E22_Man-Made_Object250,E12_Production170,P108i_was_produced_by
E22_Man-Made_Object251,E35_Title146,P102_has_title
E22_Man-Made_Object251,E12_Production82,P108i_was_produced_by
E22_Man-Made_Object252,E35_Title93,P102_has_title
E22_Man-Made_Object252,E12_Production204,P108i_was_produced_by
E22_Man-Made_Object253,E12_Production157,P108i_was_produced_by
E22_Man-Made_Object253,E35_Title258,P102_has_title
E22_Man-Made_Object254,E12_Production306,P108i_was_produced_by
E22_Man-Made_Object254,E35_Title21,P102_has_title
E12_Production306,E21_Person81,P14_carried_out_by
E22_Man-Made_Object255,E35_Title1,P102_has_title
E22_Man-Made_Object255,E12_Production123,P108i_was_produced_by
E22_Man-Made_Object256,E35_Title271,P102_has_title
E22_Man-Made_Object256,E12_Production200,P108i_was_produced_by
E22_Man-Made_Object257,E12_Production288,P108i_was_produced_by
E22_Man-Made_Object257,E35_Title46,P102_has_title
E12_Production288,E21_Person150,P14_carried_out_by
E22_Man-Made_Object258,E35_Title141,P102_has_title
E22_Man-Made_Object258,E12_Production294,P108i_was_produced_by
E12_Production294,E21_Person142,P14_carried_out_by
E22_Man-Made_Object259,E35_Title87,P102_has_title
E22_Man-Made_Object259,E12_Production129,P108i_was_produced_by
E22_Man-Made_Object260,E12_Production308,P108i_was_produced_by
E22_Man-Made_Object260,E35_Title25,P102_has_title
E12_Production308,E21_Person162,P14_carried_out_by
E12_Production263,E21_Person169,P14_carried_out_by
E21_Person169,E67_Birth58,P98i_was_born
E21_Person169,E82_Actor_Appellation31,P131_is_identified_by
E21_Person169,E74_Group4,P107i_is_current_or_former_member_of
E21_Person169,E69_Death61,P100i_died_in
E12_Production264,E21_Person161,P14_carried_out_by
E12_Production265,E21_Person63,P14_carried_out_by
E22_Man-Made_Object261,E12_Production210,P108i_was_produced_by
E22_Man-Made_Object261,E35_Title250,P102_has_title
E22_Man-Made_Object262,E12_Production205,P108i_was_produced_by
E22_Man-Made_Object262,E35_Title139,P102_has_title
E22_Man-Made_Object263,E35_Title12,P102_has_title
E22_Man-Made_Object263,E12_Production230,P108i_was_produced_by
E22_Man-Made_Object264,E35_Title148,P102_has_title
E22_Man-Made_Object264,E12_Production314,P108i_was_produced_by
E12_Production314,E21_Person7,P14_carried_out_by
E22_Man-Made_Object265,E12_Production208,P108i_was_produced_by
E22_Man-Made_Object265,E35_Title282,P102_has_title
E22_Man-Made_Object266,E12_Production304,P108i_was_produced_by
E22_Man-Made_Object266,E35_Title138,P102_has_title
E12_Production304,E21_Person138,P14_carried_out_by
E12_Production272,E21_Person150,P14_carried_out_by
E22_Man-Made_Object267,E35_Title44,P102_has_title
E22_Man-Made_Object267,E12_Production167,P108i_was_produced_by
E67_Birth76,E52_Time-Span58,P4_has_time-span
E22_Man-Made_Object268,E35_Title117,P102_has_title
E22_Man-Made_Object268,E12_Production93,P108i_was_produced_by
E22_Man-Made_Object269,E12_Production9,P108i_was_produced_by
E22_Man-Made_Object269,E35_Title260,P102_has_title
E22_Man-Made_Object270,E12_Production237,P108i_was_produced_by
E22_Man-Made_Object270,E35_Title126,P102_has_title
E22_Man-Made_Object271,E35_Title19,P102_has_title
E22_Man-Made_Object271,E12_Production202,P108i_was_produced_by
E22_Man-Made_Object272,E35_Title94,P102_has_title
E22_Man-Made_Object272,E12_Production78,P108i_was_produced_by
E22_Man-Made_Object273,E35_Title142,P102_has_title
E22_Man-Made_Object273,E12_Production57,P108i_was_produced_by
E22_Man-Made_Object274,E35_Title30,P102_has_title
E22_Man-Made_Object274,E12_Production41,P108i_was_produced_by
E12_Production281,E21_Person79,P14_carried_out_by
E22_Man-Made_Object275,E35_Title54,P102_has_title
E22_Man-Made_Object275,E12_Production113,P108i_was_produced_by
E22_Man-Made_Object276,E12_Production151,P108i_was_produced_by
E22_Man-Made_Object276,E35_Title77,P102_has_title
E22_Man-Made_Object277,E12_Production73,P108i_was_produced_by
E22_Man-Made_Object277,E35_Title167,P102_has_title
E69_Death100,E52_Time-Span29,P4_has_time-span
E22_Man-Made_Object278,E35_Title88,P102_has_title
E22_Man-Made_Object278,E12_Production265,P108i_was_produced_by
E22_Man-Made_Object279,E12_Production3,P108i_was_produced_by
E22_Man-Made_Object279,E35_Title137,P102_has_title
E22_Man-Made_Object280,E12_Production243,P108i_was_produced_by
E22_Man-Made_Object280,E35_Title273,P102_has_title
E22_Man-Made_Object281,E12_Production159,P108i_was_produced_by
E22_Man-Made_Object281,E35_Title11,P102_has_title
E22_Man-Made_Object282,E12_Production303,P108i_was_produced_by
E22_Man-Made_Object282,E35_Title245,P102_has_title
E12_Production303,E21_Person101,P14_carried_out_by
E22_Man-Made_Object283,E35_Title24,P102_has_title
E22_Man-Made_Object283,E12_Production53,P108i_was_produced_by
E22_Man-Made_Object284,E12_Production25,P108i_was_produced_by
E22_Man-Made_Object284,E35_Title112,P102_has_title
E22_Man-Made_Object285,E35_Title108,P102_has_title
E22_Man-Made_Object285,E12_Production223,P108i_was_produced_by
E22_Man-Made_Object286,E12_Production30,P108i_was_produced_by
E22_Man-Made_Object286,E35_Title255,P102_has_title
E22_Man-Made_Object287,E12_Production209,P108i_was_produced_by
E22_Man-Made_Object287,E35_Title265,P102_has_title
E22_Man-Made_Object288,E12_Production264,P108i_was_produced_by
E22_Man-Made_Object288,E35_Title114,P102_has_title
E67_Birth87,E52_Time-Span143,P4_has_time-span
E22_Man-Made_Object289,E12_Production155,P108i_was_produced_by
E22_Man-Made_Object289,E35_Title205,P102_has_title
E22_Man-Made_Object290,E12_Production90,P108i_was_produced_by
E22_Man-Made_Object290,E35_Title53,P102_has_title
E22_Man-Made_Object291,E35_Title187,P102_has_title
E22_Man-Made_Object291,E12_Production153,P108i_was_produced_by
E22_Man-Made_Object292,E12_Production52,P108i_was_produced_by
E22_Man-Made_Object292,E35_Title242,P102_has_title
E22_Man-Made_Object293,E35_Title85,P102_has_title
E22_Man-Made_Object293,E12_Production149,P108i_was_produced_by
E22_Man-Made_Object294,E35_Title269,P102_has_title
E22_Man-Made_Object294,E12_Production59,P108i_was_produced_by
E22_Man-Made_Object295,E35_Title291,P102_has_title
E22_Man-Made_Object295,E12_Production214,P108i_was_produced_by
E22_Man-Made_Object296,E12_Production197,P108i_was_produced_by
E22_Man-Made_Object296,E35_Title125,P102_has_title
E22_Man-Made_Object297,E35_Title70,P102_has_title
E22_Man-Made_Object297,E12_Production281,P108i_was_produced_by
E22_Man-Made_Object298,E35_Title79,P102_has_title
E22_Man-Made_Object298,E12_Production97,P108i_was_produced_by
E22_Man-Made_Object299,E12_Production263,P108i_was_produced_by
E22_Man-Made_Object299,E35_Title149,P102_has_title
E22_Man-Made_Object300,E12_Production56,P108i_was_produced_by
E22_Man-Made_Object300,E35_Title66,P102_has_title
E22_Man-Made_Object301,E35_Title160,P102_has_title
E22_Man-Made_Object301,E12_Production191,P108i_was_produced_by
E12_Production298,E21_Person150,P14_carried_out_by
E22_Man-Made_Object302,E12_Production43,P108i_was_produced_by
E22_Man-Made_Object302,E35_Title303,P102_has_title
E22_Man-Made_Object303,E12_Production212,P108i_was_produced_by
E22_Man-Made_Object303,E35_Title172,P102_has_title
E22_Man-Made_Object304,E35_Title7,P102_has_title
E22_Man-Made_Object304,E12_Production49,P108i_was_produced_by
E22_Man-Made_Object305,E12_Production148,P108i_was_produced_by
E22_Man-Made_Object305,E35_Title82,P102_has_title
E22_Man-Made_Object306,E12_Production54,P108i_was_produced_by
E22_Man-Made_Object306,E35_Title238,P102_has_title
E22_Man-Made_Object307,E35_Title37,P102_has_title
E22_Man-Made_Object307,E12_Production298,P108i_was_produced_by
E22_Man-Made_Object308,E12_Production122,P108i_was_produced_by
E22_Man-Made_Object308,E35_Title274,P102_has_title
E22_Man-Made_Object309,E12_Production36,P108i_was_produced_by
E22_Man-Made_Object309,E35_Title113,P102_has_title
E22_Man-Made_Object310,E12_Production38,P108i_was_produced_by
E22_Man-Made_Object310,E35_Title233,P102_has_title
E22_Man-Made_Object311,E12_Production272,P108i_was_produced_by
E22_Man-Made_Object311,E35_Title232,P102_has_title
E22_Man-Made_Object312,E12_Production21,P108i_was_produced_by
E22_Man-Made_Object312,E35_Title227,P102_has_title
E22_Man-Made_Object313,E12_Production132,P108i_was_produced_by
E22_Man-Made_Object313,E35_Title248,P102_has_title
E22_Man-Made_Object314,E35_Title147,P102_has_title
E22_Man-Made_Object314,E12_Production13,P108i_was_produced_by
